Date,Open,High,Low,Close
1/2/17,15.465,16.375,14.64,15.83
1/3/17,15.83,16.4175,14.9025,15.9575
1/4/17,15.9575,16.1,14.8975,15.89
1/5/17,15.89,15.89,14.4475,15.05
1/6/17,15.05,15.0875,13.9225,14.9125
1/9/17,14.9125,15.635,13.82,15.48
1/10/17,15.48,15.48,14.025,15.195
1/11/17,15.195,15.195,13.5375,14.8075
1/12/17,14.8075,14.865,13.4625,14.6125
1/13/17,14.6125,14.6525,13.375,14.3825
1/16/17,14.3825,15.25,13.425,15.065
1/17/17,15.065,15.62,13.98,15.3925
1/18/17,15.3925,15.3925,13.6125,15.1825
1/19/17,15.1825,15.2775,14.035,15.02
1/20/17,15.02,15.8675,13.8525,15.79
1/23/17,15.79,16.3725,15.5025,15.905
1/24/17,15.905,15.96,14.3875,15.285
1/25/17,15.285,15.425,14.41,15.17
1/27/17,15.17,16.125,14.93,16.005
1/30/17,16.005,16.8575,15.3925,16.67
1/31/17,16.67,17.09,15.7125,16.825
2/1/17,16.825,17.4275,13.8025,13.97
2/2/17,13.97,13.97,12.64,13.52
2/3/17,13.52,13.595,11.7825,13.1275
2/6/17,13.1275,13.6125,11.06,13.3975
2/7/17,13.3975,13.7225,12.24,13.5075
2/8/17,13.5075,13.7575,11.435,13.35
2/9/17,13.35,13.78,11.395,13.235
2/10/17,13.235,13.3325,11.37,13.1775
2/13/17,13.1775,13.76,11.57,13.6925
2/14/17,13.6925,14.01,12.0975,13.8025
2/15/17,13.8025,14.46,11.7275,14.2125
2/16/17,14.2125,14.2125,11.4375,13.73
2/17/17,13.73,13.7725,12.4675,13.4325
2/20/17,13.4325,13.8475,12.4125,13.61
2/21/17,13.61,14.2825,11.8925,13.525
2/22/17,13.525,14.0425,12.7225,13.7
2/23/17,13.7,13.96,12.915,13.4
2/27/17,13.4,14.2725,13.4,13.675
2/28/17,13.675,14.025,13.1675,13.7925
3/1/17,13.7925,13.7975,13.2075,13.575
3/2/17,13.575,13.615,13.03,13.3625
3/3/17,13.3625,13.6025,12.5675,13.3525
3/6/17,13.3525,13.725,12.81,13.64
3/7/17,13.64,14.0075,13.09,13.875
3/8/17,13.875,14.2875,12.6875,14.075
3/9/17,14.075,14.7825,12.6025,14.39
3/10/17,14.39,14.39,13.575,13.9575
3/14/17,13.9575,13.9575,11.085,12.4
3/15/17,12.4,12.5325,11.2025,12.4225
3/16/17,12.4225,12.4225,11.3425,11.91
3/17/17,11.91,12.1125,10.3875,11.8525
3/20/17,11.8525,12.31,11.44,12.0175
3/21/17,12.0175,12.155,11.0325,11.9425
3/22/17,11.9425,12.3575,11.5825,12.27
3/23/17,12.27,12.27,11.2375,11.835
3/24/17,11.835,12.1025,10.705,11.9775
3/27/17,11.9775,12.57,11.3375,12.435
3/28/17,12.435,12.435,11.46,12.1175
3/29/17,12.1175,12.24,11.45,12.0875
3/30/17,12.0875,12.45,11.75,12.15
3/31/17,12.15,12.5125,11.4875,12.42
4/3/17,12.42,12.7575,11.41,11.4925
4/5/17,11.4925,11.8875,10.89,11.55
4/6/17,11.55,11.7675,11.0325,11.29
4/7/17,11.29,11.8125,10.305,11.6925
4/10/17,11.6925,11.9225,11.2425,11.62
4/11/17,11.62,11.8325,10.2375,11.395
4/12/17,11.395,12.065,10.79,11.6275
4/13/17,11.6275,11.7825,10.585,11.5775
4/17/17,11.5775,12.2125,10.6925,11.8925
4/18/17,11.8925,12.5925,10.76,12.375
4/19/17,12.375,12.515,10.745,12.215
4/20/17,12.215,12.215,10.855,11.56
4/21/17,11.56,11.735,10.555,11.4225
4/24/17,11.4225,11.855,10.9675,11.625
4/25/17,11.625,11.625,10.9725,11.155
4/26/17,11.155,11.865,9.9175,11.74
4/27/17,11.74,11.74,10.36,11.07
4/28/17,11.07,11.07,10.5325,10.86
5/2/17,10.86,11.8075,10.3525,11.4475
5/3/17,11.4475,11.66,9.945,11.5275
5/4/17,11.5275,11.7825,10.605,11.3325
5/5/17,11.3325,12.16,10.4525,11.9875
5/8/17,11.9875,11.9875,10.6125,11.665
5/9/17,11.665,11.665,10.5425,11.1125
5/10/17,11.1125,11.1125,9.9575,10.9475
5/11/17,10.9475,11.26,9.8975,10.8375
5/12/17,10.8375,10.8375,9.465,10.6275
5/15/17,10.6275,11.14,8.835,10.675
5/16/17,10.675,11.0225,9.065,10.56
5/17/17,10.56,10.8075,9.245,10.635
5/18/17,10.635,12.745,9.8175,11.785
5/19/17,11.785,11.9,10.3975,11.3025
5/22/17,11.3025,11.8525,10.2,11.2025
5/23/17,11.2025,12.765,9.865,12.2025
5/24/17,12.2025,12.785,10.45,11.83
5/25/17,11.83,11.92,10.1925,10.4475
5/26/17,10.4475,11.1875,9.8875,10.8625
5/29/17,10.8625,11.8775,10.26,11.7875
5/30/17,11.7875,12.2725,10.8625,11.765
5/31/17,11.765,12.2475,11.02,11.7625
6/1/17,11.7625,11.9125,10.6125,11.3075
6/2/17,11.3075,11.3075,10.3125,10.81
6/5/17,10.81,11.1425,10.0525,11.015
6/6/17,11.015,11.32,9.49,11.1325
6/7/17,11.1325,11.185,10.2225,10.89
6/8/17,10.89,11.1275,9.5275,11.0675
6/9/17,11.0675,11.225,10.275,10.8625
6/12/17,10.8625,11.5025,10.3525,11.4225
6/13/17,11.4225,11.4625,9.9025,11.34
6/14/17,11.34,11.5275,10.44,11.18
6/15/17,11.18,11.43,9.885,11.325
6/16/17,11.325,11.325,9.7125,10.915
6/19/17,10.915,10.915,9.7425,10.6275
6/20/17,10.6275,10.8725,9.82,10.6575
6/21/17,10.6575,11.055,9.775,10.915
6/22/17,10.915,11.42,10.07,11.2075
6/23/17,11.2075,11.78,8.755,11.5575
6/27/17,11.5575,12.8675,10.93,12.5075
6/28/17,12.5075,12.755,11.0925,11.99
6/29/17,11.99,11.99,10.595,11.3825
6/30/17,11.3825,12.1025,11.0775,11.7325
7/3/17,11.7325,11.75,10.455,11.2
7/4/17,11.2,11.645,10.42,11.275
7/5/17,11.275,11.42,10.45,11.1525
7/6/17,11.1525,11.175,10.2875,10.9825
7/7/17,10.9825,11.125,9.615,10.8675
7/10/17,10.8675,11.0925,9.57,10.9125
7/11/17,10.9125,11.0775,9.8975,10.89
7/12/17,10.89,11.3,9.6725,11.0525
7/13/17,11.0525,11.395,9.86,11.2475
7/14/17,11.2475,11.4775,10.065,11.1725
7/17/17,11.1725,11.5675,10.48,11.4575
7/18/17,11.4575,11.79,10.285,11.49
7/19/17,11.49,11.685,9.0775,11.255
7/20/17,11.255,11.5675,10.37,11.315
7/21/17,11.315,11.715,9.0075,11.085
7/24/17,11.085,11.795,10.3575,11.3125
7/25/17,11.3125,11.5125,10.235,10.9125
7/26/17,10.9125,11.775,10.9075,11.17
7/27/17,11.17,11.915,10.81,11.2175
7/28/17,11.2175,12.015,10.9825,11.1375
7/31/17,11.1375,12.0325,11.1375,11.9
8/1/17,11.9,12.3925,11.5875,11.9075
8/2/17,11.9075,12.1725,10.9225,11.9425
8/3/17,11.9425,12.2325,11.2075,11.6425
8/4/17,11.6425,11.745,10.745,11.39
8/7/17,11.39,12.0025,10.64,11.895
8/8/17,11.895,13.045,10.485,12.77
8/9/17,12.77,13.6775,10.515,13.4525
8/10/17,13.4525,14.1675,12.23,13.8025
8/11/17,13.8025,15.5425,11.67,15.195
8/14/17,15.195,15.195,11.8575,14.3825
8/16/17,14.3825,14.7,12.62,14.2375
8/17/17,14.2375,14.6225,10.7925,14.34
8/18/17,14.34,14.89,11.1675,14.57
8/21/17,14.57,14.965,13.145,14.815
8/22/17,14.815,14.815,11.1625,14.105
8/23/17,14.105,14.105,12.2625,13.1825
8/24/17,13.1825,13.195,11.9425,12.5725
8/28/17,12.5725,13.6775,11.365,12.64
8/29/17,12.64,13.8525,12.28,13.5425
8/30/17,13.5425,14.13,11.745,12.8875
8/31/17,12.8875,13.695,11.785,11.9525
9/1/17,11.9525,12.1575,10.525,11.675
9/4/17,11.675,13.955,11.485,13.165
9/5/17,13.165,13.4425,12.475,12.8875
9/6/17,12.8875,13.495,12.035,13.12
9/7/17,13.12,13.1275,11.175,13.0075
9/8/17,13.0075,13.0975,11.7725,12.9625
9/11/17,12.9625,12.9625,11.5475,12.36
9/12/17,12.36,12.36,11.52,11.7575
9/13/17,11.7575,11.865,10.68,11.755
9/14/17,11.755,11.8775,10.36,11.47
9/15/17,11.47,12.0175,10.0175,11.6775
9/18/17,11.6775,11.6775,10.835,11.4425
9/19/17,11.4425,11.6425,10.3975,11.465
9/20/17,11.465,11.8775,10.115,11.6325
9/21/17,11.6325,12.1825,9.2575,11.6325
9/22/17,11.6325,12.9925,11.005,12.81
9/25/17,12.81,13.84,11.5075,13.34
9/26/17,13.34,13.625,12.6325,12.9275
9/27/17,12.9275,14.165,11.77,13.8625
9/28/17,13.8625,13.9725,12.8225,13.1725
9/29/17,13.1725,13.1725,11.91,12.485
10/3/17,12.485,12.8725,11.44,12.46
10/4/17,12.46,12.5775,11.575,11.8
10/5/17,11.8,11.895,10.585,11.71
10/6/17,11.71,11.71,10.745,11.1175
10/9/17,11.1175,11.565,10.405,11.3925
10/10/17,11.3925,11.45,10.75,11.1125
10/11/17,11.1125,12.1825,10.1875,11.73
10/12/17,11.73,11.73,10.46,11.0425
10/13/17,11.0425,11.345,10.085,11.2625
10/16/17,11.2625,11.5825,10.0325,11.31
10/17/17,11.31,11.7325,10.105,11.61
10/18/17,11.61,11.75,10.1325,11.54
10/19/17,11.54,12.8125,10.825,12.395
10/23/17,12.395,12.9375,10.875,12.325
10/24/17,12.325,12.47,11.36,11.59
10/25/17,11.59,12.4925,11.19,11.76
10/26/17,11.76,12.6475,11.2875,11.6175
10/27/17,11.6175,12.1525,11.19,11.475
10/30/17,11.475,12.26,11.475,12.1125
10/31/17,12.1125,12.525,11.525,12.44
11/1/17,12.44,12.44,11.79,12.1375
11/2/17,12.1375,12.37,11.41,12.005
11/3/17,12.005,12.3025,11.0725,11.91
11/6/17,11.91,13.26,11.3725,13.0225
11/7/17,13.0225,13.68,11.6775,13.2375
11/8/17,13.2375,13.855,11.235,13.61
11/9/17,13.61,13.715,11.08,13.2675
11/10/17,13.2675,13.8175,11.1675,13.475
11/13/17,13.475,14.3825,11.165,14.045
11/14/17,14.045,14.74,12.4575,14.165
11/15/17,14.165,14.5775,11.58,14.265
11/16/17,14.265,14.265,11.0675,13.4625
11/17/17,13.4625,13.86,11.6325,13.7125
11/20/17,13.7125,15.605,11.12,13.4325
11/21/17,13.4325,13.925,11.01,13.715
11/22/17,13.715,14.335,12.185,14.0375
11/23/17,14.0375,14.4625,12.8225,13.865
11/24/17,13.865,13.9925,12.49,13.5125
11/27/17,13.5125,13.9025,11.5275,13.03
11/28/17,13.03,13.3625,12.0375,13.1475
11/29/17,13.1475,13.285,12.255,13.06
11/30/17,13.06,13.9075,11.965,13.55
12/1/17,13.55,15.0225,12.62,14.795
12/4/17,14.795,15.255,14.135,14.855
12/5/17,14.855,15.3375,13.5475,15.0075
12/6/17,15.0075,15.2575,13.5525,15.0875
12/7/17,15.0875,15.0875,13.92,14.2725
12/8/17,14.2725,14.2725,12.905,13.6725
12/11/17,13.6725,14.485,12.16,14.1475
12/12/17,14.1475,15.3725,12.1575,15.2625
12/13/17,15.2625,16.3125,12.7025,15.945
12/14/17,15.945,17.385,12.795,16.4075
12/15/17,16.4075,16.4075,13.3975,14.94
12/18/17,14.94,18.2575,12.815,13.115
12/19/17,13.115,13.115,12.075,12.1875
12/20/17,12.1875,12.415,11.2025,12.185
12/21/17,12.185,12.2425,10.16,12.085
12/22/17,12.085,12.1325,10.7325,11.5875
12/26/17,11.5875,12.2575,10.3175,12.0525
12/27/17,12.0525,12.735,11.51,12.4925
12/28/17,12.4925,12.6925,11.3275,12.2975
12/29/17,12.2975,12.76,11.48,12.67
1/1/18,12.67,13.6125,12.545,13.3525
1/2/18,13.3525,13.8425,12.605,13.685
1/3/18,13.685,13.715,12.765,13.6225
1/4/18,13.6225,13.7925,12.1825,13.415
1/5/18,13.415,13.415,12.42,13.1125
1/8/18,13.1125,13.855,11.8125,13.735
1/9/18,13.735,14.13,12.25,13.8475
1/10/18,13.8475,14.2275,12.5175,14.035
1/11/18,14.035,14.2775,12.985,14.0125
1/12/18,14.0125,14.5525,11.92,13.7325
1/15/18,13.7325,14.475,11.8125,14.305
1/16/18,14.305,14.585,12.3475,14.085
1/17/18,14.085,14.445,10.345,13.86
1/18/18,13.86,14.22,11.655,13.96
1/19/18,13.96,14.195,10.75,13.9825
1/22/18,13.9825,15.59,12.0675,15.3925
1/23/18,15.3925,16.2975,14.11,16.225
1/24/18,16.225,18.495,14.64,18.04
1/25/18,18.04,18.235,17.035,17.5075
1/29/18,17.5075,18.485,16.3625,17.8875
1/30/18,17.8875,18.005,16.15,16.415
1/31/18,16.415,16.415,14.2875,15.93
2/1/18,15.93,16.7725,13.9025,14.1075
2/2/18,14.1075,15.49,11.4975,15.25
2/5/18,15.25,18.335,15.08,16.0525
2/6/18,16.0525,23.1575,16.0525,20.015
2/7/18,20.015,20.015,16.7975,19.465
2/8/18,19.465,24.035,15.2625,17.7725
2/9/18,17.7725,20.4225,15.15,19.23
2/12/18,19.23,19.23,16.5675,17.8825
2/14/18,17.8825,17.8825,15.52,17.185
2/15/18,17.185,17.185,14.085,16.315
2/16/18,16.315,16.9725,12.57,16.3775
2/19/18,16.3775,18.035,13.955,16.6675
2/20/18,16.6675,17.5375,16.3275,16.8675
2/21/18,16.8675,16.87,15.725,15.92
2/22/18,15.92,16.4575,14.5025,14.8325
2/23/18,14.8325,14.8325,13.535,14.2025
2/26/18,14.2025,14.325,13.53,13.695
2/27/18,13.695,14.4225,12.4475,13.9225
2/28/18,13.9225,14.4,12.525,13.805
3/1/18,13.805,14.2525,12.405,14.0725
3/5/18,14.0725,15.99,12.2325,15.395
3/6/18,15.395,16.4475,13.16,16.245
3/7/18,16.245,16.46,13.4475,15.7
3/8/18,15.7,15.7,12.485,14.585
3/9/18,14.585,14.7625,12.905,14.525
3/12/18,14.525,14.6625,12.01,14.4925
3/13/18,14.4925,14.62,12.3875,14.4625
3/14/18,14.4625,14.9525,11.735,14.3625
3/15/18,14.3625,14.655,11.295,14.33
3/16/18,14.33,15.6225,11.6325,15.22
3/19/18,15.22,16.01,13.1425,15.82
3/20/18,15.82,16.125,15.17,15.6075
3/21/18,15.6075,15.6075,12.3925,15.1075
3/22/18,15.1075,15.3625,11.99,15.2475
3/23/18,15.2475,16.38,15.2475,15.545
3/26/18,15.545,16.3825,14.8575,15.195
3/27/18,15.195,16.1075,14.495,15.55
3/28/18,15.55,15.97,14.8175,15.7575
4/2/18,15.7575,16.45,15.1975,15.3475
4/3/18,15.3475,15.775,14.8775,15.185
4/4/18,15.185,16.485,13.6825,16.34
4/5/18,16.34,16.34,13.8625,14.7975
4/6/18,14.7975,15.155,13.01,14.7475
4/9/18,14.7475,15.1375,14.46,14.8675
4/10/18,14.8675,14.8675,14.005,14.4975
4/11/18,14.4975,14.9075,12.74,14.72
4/12/18,14.72,14.9925,11.8075,14.56
4/13/18,14.56,14.56,13.45,14.14
4/16/18,14.14,14.8625,13.41,14.26
4/17/18,14.26,14.3975,13.3475,14.0425
4/18/18,14.0425,14.3675,13.165,14.11
4/19/18,14.11,14.11,12.5025,13.7475
4/20/18,13.7475,13.765,9.7425,12.9375
4/23/18,12.9375,13.4925,11.53,13.145
4/24/18,13.145,13.3875,11.4875,11.895
4/25/18,11.895,13.315,11.895,12.395
4/26/18,12.395,13.58,11.7425,12.0375
4/27/18,12.0375,12.6325,11.4375,12.0175
4/30/18,12.0175,12.5525,12.0175,12.3625
5/2/18,12.3625,13.1975,12.3625,12.84
5/3/18,12.84,13.2075,12.47,12.985
5/4/18,12.985,13.455,10.9875,13.25
5/7/18,13.25,13.9625,12.8275,13.76
5/8/18,13.76,14.435,11.0925,14.055
5/9/18,14.055,14.5575,12.1225,14.2725
5/10/18,14.2725,14.65,12.5625,14.425
5/11/18,14.425,14.82,13.0025,13.9775
5/14/18,13.9775,14.4975,12.1075,14.245
5/15/18,14.245,14.245,11.4875,13.165
5/16/18,13.165,13.645,10.855,13.435
5/17/18,13.435,13.68,11.09,13.4075
5/18/18,13.4075,14.3525,11.6125,14.15
5/21/18,14.15,14.5375,11.755,14.41
5/22/18,14.41,14.41,11.745,13.6025
5/23/18,13.6025,14.9425,11.8825,14.1575
5/24/18,14.1575,14.2225,10.8975,13.145
5/25/18,13.145,13.17,11.0025,12.645
5/28/18,12.645,13.1475,11.3475,13.055
5/29/18,13.055,13.8675,11.975,13.07
5/30/18,13.07,13.85,12.1825,13.41
5/31/18,13.41,14.2325,12.1325,13.2225
6/1/18,13.2225,14.59,12.1575,13.57
6/4/18,13.57,15.47,12.1825,13.8825
6/5/18,13.8825,14.49,13.1325,13.315
6/6/18,13.315,13.51,12.1475,12.55
6/7/18,12.55,13.65,11.6125,12.7775
6/8/18,12.7775,13.1675,10.8025,12.6975
6/11/18,12.6975,13.82,11.3225,13.18
6/12/18,13.18,13.8975,10.445,12.73
6/13/18,12.73,13.14,11.22,12.635
6/14/18,12.635,12.635,10.43,12.095
6/15/18,12.095,12.5075,10.495,12.07
6/18/18,12.07,12.55,9.825,12.38
6/19/18,12.38,13,11.4775,12.92
6/20/18,12.92,12.92,10.6075,12.1725
6/21/18,12.1725,12.59,10.91,12.4475
6/22/18,12.4475,12.5425,10.3925,12.0225
6/25/18,12.0225,12.7775,9.74,12.5825
6/26/18,12.5825,12.97,12.3325,12.7975
6/27/18,12.7975,13.8125,12.085,13.51
6/28/18,13.51,14.075,12.52,13.9475
6/29/18,13.9475,13.9475,12.6325,12.9375
7/2/18,12.9375,13.9425,12.465,13.37
7/3/18,13.37,13.7525,12.1875,13
7/4/18,13,13.34,12.575,12.6575
7/5/18,12.6575,12.9525,11.225,12.575
7/6/18,12.575,12.68,11.6675,12.4425
7/9/18,12.4425,12.575,11.215,12.39
7/10/18,12.39,12.52,11.0175,12.395
7/11/18,12.395,12.86,10.015,12.775
7/12/18,12.775,12.865,10.6525,12.505
7/13/18,12.505,12.505,11.3175,12.3025
7/16/18,12.3025,13.0475,11.1675,12.9475
7/17/18,12.9475,12.9475,11.24,12.825
7/18/18,12.825,13.9,10.645,13.6825
7/19/18,13.6825,13.7975,10.99,13.5925
7/20/18,13.5925,13.9025,11.3175,13.535
7/23/18,13.535,13.62,12.0675,13.005
7/24/18,13.005,13.08,12.1475,12.4675
7/25/18,12.4675,13.255,11.215,12.2075
7/26/18,12.2075,13.0475,11.6075,12.0275
7/27/18,12.0275,12.5,11.2475,12.31
7/30/18,12.31,13.0575,12.3075,12.585
7/31/18,12.585,12.795,12.2875,12.48
8/1/18,12.48,12.765,11.9975,12.53
8/2/18,12.53,12.8,10.8875,12.555
8/3/18,12.555,12.555,10.9075,12.0775
8/6/18,12.0775,12.735,11.85,12.5625
8/7/18,12.5625,12.82,10.5825,12.5775
8/8/18,12.5775,12.7825,10.48,12.54
8/9/18,12.54,12.76,10.8775,12.6775
8/10/18,12.6775,12.985,10.0575,12.85
8/13/18,12.85,13.5,11.29,13.4
8/14/18,13.4,13.42,10.755,13.2825
8/16/18,13.2825,13.865,11.465,13.645
8/17/18,13.645,13.645,10.3025,13.16
8/20/18,13.16,13.55,11.345,13.0325
8/21/18,13.0325,13.635,9.9275,12.9025
8/23/18,12.9025,13.1175,9.53,12.7575
8/24/18,12.7575,12.8375,9.43,12.4075
8/27/18,12.4075,12.5325,9.515,12.2375
8/28/18,12.2375,12.6,10.3775,12.425
8/29/18,12.425,12.6725,10.725,12.435
8/30/18,12.435,12.625,10.6225,12.4125
8/31/18,12.4125,12.7975,11.6,12.5975
9/3/18,12.5975,13.7175,11.17,13.3925
9/4/18,13.3925,13.88,12.1975,13.7825
9/5/18,13.7825,14.1525,11.9525,13.65
9/6/18,13.65,14.2,12.06,13.7225
9/7/18,13.7225,14.1425,11.085,13.89
9/10/18,13.89,15.315,12.61,15.2025
9/11/18,15.2025,15.4475,13.4425,15.33
9/12/18,15.33,15.33,12.98,14.25
9/14/18,14.25,14.25,12.3225,13.8425
9/17/18,13.8425,14.635,11.73,14.495
9/18/18,14.495,14.62,11.8725,14.415
9/19/18,14.415,14.4775,11.745,14.005
9/21/18,14.005,16.92,10.9825,15.535
9/24/18,15.535,17.855,13.8025,17.4275
9/25/18,17.4275,18.31,16.2175,16.6825
9/26/18,16.6825,17.575,15.1,17.0875
9/27/18,17.0875,17.37,15.6025,16.9225
9/28/18,16.9225,17.6925,15.925,16.995
10/1/18,16.995,18.8625,16.27,16.835
10/3/18,16.835,18.6475,15.575,18.1175
10/4/18,18.1175,19.685,17.485,18.915
10/5/18,18.915,20.4825,18.4525,19.7325
10/8/18,19.7325,21.765,18.4775,20.1475
10/9/18,20.1475,20.3575,17.47,19.755
10/10/18,19.755,19.755,17.725,17.9075
10/11/18,17.9075,20.845,17.6275,20.5475
10/12/18,20.5475,20.5475,16.6725,18.6275
10/15/18,18.6275,19.8225,15.9825,18.885
10/16/18,18.885,18.885,14.28,17.3725
10/17/18,17.3725,18.2025,14.8425,17.98
10/19/18,17.98,20.0525,17.4475,19.7875
10/22/18,19.7875,21.6725,17.08,21.3575
10/23/18,21.3575,22.3475,18.7625,19.0375
10/24/18,19.0375,19.81,17.7125,18.88
10/25/18,18.88,20.33,18.4975,18.9625
10/26/18,18.9625,21.04,18.66,19.2325
10/29/18,19.2325,20.8125,19.2325,19.825
10/30/18,19.825,20.7725,19.55,20.5025
10/31/18,20.5025,22.815,19.575,19.7975
11/1/18,19.7975,20.13,18.8975,19.1925
11/2/18,19.1925,19.1925,17.485,18.23
11/5/18,18.23,19.8225,17.735,19.4825
11/6/18,19.4825,19.4825,16.18,18.505
11/7/18,18.505,18.505,16.81,17.8775
11/9/18,17.8775,18.755,16.755,17.765
11/12/18,17.765,19.4625,16.475,19.3675
11/13/18,19.3675,19.685,17.1225,18.695
11/14/18,18.695,19.5075,14.77,18.825
11/15/18,18.825,18.915,15.4975,18.455
11/16/18,18.455,18.8675,16.8975,18.35
11/19/18,18.35,19.65,13.515,19.255
11/20/18,19.255,19.6475,18.2525,19.3275
11/21/18,19.3275,20.0975,15.54,19.555
11/22/18,19.555,20.0025,17.0875,19.16
11/26/18,19.16,20.5275,15.0175,20.4025
11/27/18,20.4025,20.4025,16.605,18.315
11/28/18,18.315,19.355,16.6725,17.96
11/29/18,17.96,18.85,14.93,18.6975
11/30/18,18.6975,19.915,16.81,19.1625
12/3/18,19.1625,19.605,16.31,18.2225
12/4/18,18.2225,19.62,16.905,18.1075
12/5/18,18.1075,18.8275,16.62,18.39
12/6/18,18.39,19.55,15.91,19.305
12/7/18,19.305,19.6275,15.9825,18.59
12/10/18,18.59,20.645,16.89,20.4375
12/11/18,20.4375,20.4375,17.2025,17.945
12/12/18,17.945,17.945,15.4175,15.81
12/13/18,15.81,15.905,11.9125,15.55
12/14/18,15.55,15.5975,12.6725,15.1575
12/17/18,15.1575,15.9125,13.8675,14.54
12/18/18,14.54,15.3125,11.9825,14.5775
12/19/18,14.5775,14.865,11.87,14.66
12/20/18,14.66,14.9175,13.72,14.3325
12/21/18,14.3325,16.23,12.94,15.9925
12/24/18,15.9925,17.1325,14.8975,15.75
12/26/18,15.75,17.4775,14.8075,15.92
12/27/18,15.92,16.375,12.5625,16.0725
12/28/18,16.0725,16.0725,15.015,15.27
12/31/18,15.27,16.1525,14.65,16
1/1/19,16,16.4,15.15,15.325
1/2/19,15.325,16.9475,14.8375,16.3875
1/3/19,16.3875,17.1475,15.435,16.79
1/4/19,16.79,16.9725,15.485,16.1625
1/7/19,16.1625,16.455,15.3025,16.3025
1/8/19,16.3025,16.5725,14.735,15.7
1/9/19,15.7,16.3225,13.895,15.27
1/10/19,15.27,15.6075,14.1475,15.345
1/11/19,15.345,15.83,14.3625,15.3525
1/14/19,15.3525,16.5525,15.3525,16.1575
1/15/19,16.1575,16.1575,12.9925,15.5825
1/16/19,15.5825,16.3075,12.8,16.0775
1/17/19,16.0775,16.4275,12.9925,16.2425
1/18/19,16.2425,16.905,12.3075,16.6175
1/21/19,16.6175,18.34,14.36,18.1475
1/22/19,18.1475,18.4725,15.51,17.985
1/23/19,17.985,18.2875,12.015,18.085
1/24/19,18.085,18.3775,14.5425,17.435
1/25/19,17.435,18.14,14.365,17.69
1/28/19,17.69,19.28,14.5875,18.8975
1/29/19,18.8975,19.795,18.04,18.4275
1/30/19,18.4275,18.4275,15.9775,17.85
1/31/19,17.85,17.85,16.445,17.1225
2/1/19,17.1225,17.185,15.545,15.72
2/4/19,15.72,16.4525,14.9675,15.7225
2/5/19,15.7225,15.9775,14.605,15.78
2/6/19,15.78,15.9725,12.8325,15.63
2/7/19,15.63,16.2225,13.5975,15.435
2/8/19,15.435,15.815,12.9675,15.5675
2/11/19,15.5675,16.355,13.46,15.84
2/12/19,15.84,15.975,13.23,15.75
2/13/19,15.75,15.9025,11.81,15.73
2/14/19,15.73,16.5775,12.09,15.7725
2/15/19,15.7725,17.535,12.4475,16.46
2/18/19,16.46,18.1925,11.85,18
2/19/19,18,18.605,15.2575,18.4675
2/20/19,18.4675,18.4675,15.2375,17.055
2/21/19,17.055,17.1725,12.1275,16.0525
2/22/19,16.0525,16.0525,12.315,15.45
2/25/19,15.45,16.035,11.7,15.3575
2/26/19,15.3575,18.0975,13.12,17.115
2/27/19,17.115,19.9775,14.13,18.8975
2/28/19,18.8975,18.8975,17.065,18.2775
3/1/19,18.2775,18.2775,15.895,16.275
3/5/19,16.275,16.86,15.45,15.6575
3/6/19,15.6575,15.735,14.2875,15.61
3/7/19,15.61,15.6875,14.3125,15.2925
3/8/19,15.2925,15.4125,12.92,14.94
3/11/19,14.94,15.38,13.67,14.895
3/12/19,14.895,15.1975,13.84,15.0975
3/13/19,15.0975,15.595,12.3,15.2775
3/14/19,15.2775,15.5225,13.7625,15.15
3/15/19,15.15,16.3925,11.845,15.865
3/18/19,15.865,17.1875,14.2675,16.9
3/19/19,16.9,17.1775,14.55,16.4925
3/20/19,16.4925,16.4925,14.485,16.0325
3/22/19,16.0325,16.805,12.675,16.275
3/25/19,16.275,17.0275,14.2575,16.6725
3/26/19,16.6725,16.6725,15.5175,16.485
3/27/19,16.485,17.4225,14.545,17.0475
3/28/19,17.0475,17.3325,15.75,16.6525
3/29/19,16.6525,17.43,16.2375,17.185
4/1/19,17.185,18.22,17.185,18.005
4/2/19,18.005,18.5525,17.44,18.0825
4/3/19,18.0825,18.8825,17.29,18.7825
4/4/19,18.7825,19.325,18.25,18.65
4/5/19,18.65,19.075,16.7625,18.3925
4/8/19,18.3925,20.4575,18.3925,20.1525
4/9/19,20.1525,20.6625,16.55,20.28
4/10/19,20.28,21.28,18.7,21.13
4/11/19,21.13,21.34,19.4125,20.9575
4/12/19,20.9575,21.3025,18.675,20.9975
4/15/19,20.9975,22.24,18.76,21.3875
4/16/19,21.3875,21.885,19.6725,21.6925
4/18/19,21.6925,23.045,18.5,22.735
4/22/19,22.735,24.5625,20.4075,24.05
4/23/19,24.05,26.3175,22.7775,24.645
4/24/19,24.645,25.125,23.445,23.7125
4/25/19,23.7125,25.535,22.7275,23.2325
4/26/19,23.2325,23.9625,21.4325,21.7175
4/30/19,21.7175,22.775,20.76,21.8275
5/2/19,21.8275,23.265,21.7675,22.9825
5/3/19,22.9825,24.1525,21.0975,24.0325
5/6/19,24.0325,27.835,19.74,26.4325
5/7/19,26.4325,26.81,23.0925,26.4775
5/8/19,26.4775,27.025,23.245,26.365
5/9/19,26.365,26.495,23.485,25.485
5/10/19,25.485,26.525,24.535,26.335
5/13/19,26.335,28.0625,23.7125,27.3825
5/14/19,27.3825,27.76,22.39,27.1325
5/15/19,27.1325,29.0825,23.18,28.6575
5/16/19,28.6575,29.3275,23.7825,28.37
5/17/19,28.37,29.2325,25.4975,28.075
5/20/19,28.075,28.075,19.76,23.675
5/21/19,23.675,28.1025,20.2425,25.6525
5/22/19,25.6525,30.1825,19.04,27.6325
5/23/19,27.6325,27.6325,18.9575,19.405
5/24/19,19.405,19.405,14.4925,16.4675
5/27/19,16.4675,17.335,13.48,16.19
5/28/19,16.19,16.54,15.38,15.9225
5/29/19,15.9225,16.5075,14.4775,16.4075
5/30/19,16.4075,16.4075,14.8525,15.61
5/31/19,15.61,16.7875,14.19,16.0675
6/3/19,16.0675,16.2325,14.075,15.9675
6/4/19,15.9675,15.9675,14.6675,15.6275
6/6/19,15.6275,15.925,13.975,15.525
6/7/19,15.525,15.73,13.6275,14.8575
6/10/19,14.8575,15.4525,13.4475,14.975
6/11/19,14.975,14.975,13.48,14.49
6/12/19,14.49,14.71,13.31,14.1225
6/13/19,14.1225,14.2925,13.2775,13.66
6/14/19,13.66,14.1175,12.6425,13.895
6/17/19,13.895,14.96,13.52,14.65
6/18/19,14.65,14.97,11.7375,14.6
6/19/19,14.6,15.3,10.79,14.73
6/20/19,14.73,15.1875,12.835,14
6/21/19,14,14.8325,10.6025,14.61
6/24/19,14.61,15.665,11.855,15.2225
6/25/19,15.2225,15.585,14.9275,15.01
6/26/19,15.01,15.195,14.39,14.75
6/27/19,14.75,14.8875,13.6475,14.645
6/28/19,14.645,15.0725,13.995,14.9525
7/1/19,14.9525,15.02,14.4725,14.6025
7/2/19,14.6025,14.8325,14.025,14.25
7/3/19,14.25,14.32,13.52,13.695
7/4/19,13.695,13.695,13.0125,13.53
7/5/19,13.53,13.965,12.665,13.065
7/8/19,13.065,14.0425,12.1075,13.8525
7/9/19,13.8525,14.22,13.3525,13.6875
7/10/19,13.6875,13.9625,12.395,13.635
7/11/19,13.635,13.635,12.1775,12.47
7/12/19,12.47,12.55,11.55,11.9975
7/15/19,11.9975,12.5175,10.6425,12.02
7/16/19,12.02,12.02,11.0625,11.56
7/17/19,11.56,11.91,9.1625,11.8
7/18/19,11.8,11.9825,9.2225,11.75
7/19/19,11.75,12.675,10.5925,12.515
7/22/19,12.515,13.4025,11.5625,13.01
7/23/19,13.01,13.78,11.59,13.4275
7/24/19,13.4275,14.4825,11.85,12.76
7/25/19,12.76,13.55,11.9975,12.635
7/26/19,12.635,13.31,11.9225,12.1325
7/29/19,12.1325,13.5325,12.0375,13.0625
7/30/19,13.0625,13.8675,12.5,13.6125
7/31/19,13.6125,14.545,13.415,13.59
8/1/19,13.59,15.28,13.2725,14.5575
8/2/19,14.5575,16.1575,14.435,15.1875
8/5/19,15.1875,17.82,15.1875,16.585
8/6/19,16.585,16.785,15.5925,16.12
8/7/19,16.12,16.9125,15.7375,16.74
8/8/19,16.74,16.74,15.515,16.0925
8/9/19,16.0925,16.1625,15.0275,15.845
8/13/19,15.845,18.005,15.1175,17.7775
8/14/19,17.7775,17.7775,16.11,16.3575
8/16/19,16.3575,17.4275,15.9925,16.6475
8/19/19,16.6475,17.025,14.71,16.7475
8/20/19,16.7475,17.095,15.105,16.6325
8/21/19,16.6325,17.3275,14,17.0225
8/22/19,17.0225,18.1225,14.4925,17.8525
8/23/19,17.8525,18.2625,13.7025,17.3475
8/26/19,17.3475,19.145,13.7,16.655
8/27/19,16.655,16.8325,14.42,16.01
8/28/19,16.01,17.375,14.12,16.835
8/29/19,16.835,17.445,13.8725,16.425
8/30/19,16.425,17.375,15.19,16.2825
9/3/19,16.2825,18.27,16.2825,18.055
9/4/19,18.055,18.31,17.1275,17.235
9/5/19,17.235,17.7025,16.0575,17.2725
9/6/19,17.2725,17.2725,15.885,16.275
9/9/19,16.275,16.6425,13.665,15.8525
9/11/19,15.8525,15.8525,14.6475,15.3725
9/12/19,15.3725,15.3725,14.6075,14.9
9/13/19,14.9,15.195,13.8875,14.12
9/16/19,14.12,15.3075,14.1175,14.9525
9/17/19,14.9525,16.3075,13.2775,16.0175
9/18/19,16.0175,16.1875,13.905,15.3525
9/19/19,15.3525,15.965,14.1775,15.55
9/20/19,15.55,17.045,13.8275,15.4
9/23/19,15.4,17.64,14.21,16.7925
9/24/19,16.7925,18.5325,15.8975,16.7325
9/25/19,16.7325,17.415,14.1025,16.17
9/26/19,16.17,17.01,13.64,16.3425
9/27/19,16.3425,16.8175,15.9275,16.115
9/30/19,16.115,16.51,15.8,15.8725
10/1/19,15.8725,18.2175,14.9475,16.7575
10/3/19,16.7575,18.045,16.4175,17.7025
10/4/19,17.7025,17.945,16.3475,17.58
10/7/19,17.58,18.4275,16.9925,17.83
10/9/19,17.83,18.3275,16.335,17.155
10/10/19,17.155,17.54,15.7275,17.2275
10/11/19,17.2275,18.28,15.7775,17.14
10/14/19,17.14,17.9625,17.0625,17.43
10/15/19,17.43,17.43,16.6925,16.85
10/16/19,16.85,16.9525,15.495,16.36
10/17/19,16.36,16.36,15.5175,15.8775
10/18/19,15.8775,16.1525,14.99,15.9275
10/22/19,15.9275,17.1225,13.5725,16.81
10/23/19,16.81,16.85,14.83,16.535
10/24/19,16.535,16.78,14.7125,16.24
10/25/19,16.24,16.24,15.195,15.315
10/27/19,16.24,16.24,13.9825,15.585
10/29/19,15.585,16.5475,15.4975,16.42
10/30/19,16.42,16.845,16.2525,16.6575
10/31/19,16.6575,16.795,15.5025,16.28
11/1/19,16.28,16.4725,15.1675,15.7325
11/4/19,15.7325,16.365,13.495,15.925
11/5/19,15.925,16.34,13.5075,15.9175
11/6/19,15.9175,16.1525,13.3825,15.775
11/7/19,15.775,15.9225,13.525,15.2075
11/8/19,15.2075,15.99,13.71,15.855
11/11/19,15.855,16.765,15.195,16.25
11/13/19,16.25,16.67,14.4725,16.4625
11/14/19,16.4625,16.4625,14.0925,15.65
11/15/19,15.65,15.65,12.5225,15.03
11/18/19,15.03,16.065,12.665,15.755
11/19/19,15.755,15.755,12.61,15.4125
11/20/19,15.4125,15.4125,11.6075,15.16
11/21/19,15.16,15.595,12.61,14.975
11/22/19,14.975,15.8775,12.2375,14.8725
11/25/19,14.8725,15.2125,13,15.0025
11/26/19,15.0025,15.1275,13.1075,14.8375
11/27/19,14.8375,14.8375,12.3575,14.6175
11/28/19,14.6175,14.6175,12.8875,13.9875
11/29/19,13.9875,14.2925,13.14,13.8975
12/2/19,13.8975,15.845,13.4975,14.2025
12/3/19,14.2025,16.3425,12.07,14.5625
12/4/19,14.5625,15.8725,12.2625,13.3225
12/5/19,13.3225,15.12,12.8275,14.305
12/6/19,14.305,14.7225,11.4075,13.64
12/9/19,13.64,15.3625,12.465,14.5975
12/10/19,14.5975,15.6625,11.735,14.29
12/11/19,14.29,14.4475,11.71,13.3775
12/12/19,13.3775,13.765,11.825,13.3475
12/13/19,13.3475,14.67,12.185,13.3
12/16/19,13.3,14.11,12.5,13.415
12/17/19,13.415,13.425,11.955,12.5175
12/18/19,12.5175,12.715,11.39,12.3375
12/19/19,12.3375,12.415,11.325,12.1225
12/20/19,12.1225,12.7325,11.9025,12.325
12/23/19,12.325,14.505,10.695,11.9575
12/24/19,11.9575,13.31,10.8875,11.625
12/26/19,11.625,12.3475,10.8425,11.1225
12/27/19,11.1225,11.4675,10.425,10.525
12/30/19,10.525,11.4525,9.6175,11.0075
12/31/19,11.0075,11.7925,10.44,11.6675
1/1/20,11.6675,11.73,11.085,11.5975
1/2/20,11.5975,11.7,10.73,11.49
1/3/20,11.49,12.94,10.685,12.695
1/6/20,12.695,15.095,12.695,14.7775
1/7/20,14.7775,14.9125,14.4625,14.61
1/8/20,14.61,16.3875,13.7925,15.64
1/9/20,15.64,15.64,12.995,13.9975
1/10/20,13.9975,14.245,13.1775,14.0775
1/13/20,14.0775,14.495,13.5775,14.275
1/14/20,14.275,14.275,13.0625,13.9125
1/15/20,13.9125,14.4575,13.585,14.12
1/16/20,14.12,14.365,12.5975,14.1825
1/17/20,14.1825,14.53,12.5025,14.1275
1/20/20,14.1275,15.495,12.465,15.41
1/21/20,15.41,16.04,15.0725,15.8625
1/22/20,15.8625,16.61,15.3575,16.36
1/23/20,16.36,16.7075,15.7775,15.855
1/24/20,15.855,16.215,14.5925,15.56
1/27/20,15.56,17.34,14.6825,17.175
1/28/20,17.175,17.615,16.9575,17.2975
1/29/20,17.2975,17.2975,15.6525,16.4975
1/30/20,16.4975,17.14,15.38,16.7975
1/31/20,16.7975,17.59,14.9025,17.3675
2/1/20,17.3675,17.93,16.0325,16.835
2/3/20,16.835,17.03,15.4825,15.7825
2/4/20,15.7825,15.7825,14.31,14.38
2/5/20,14.38,14.525,13.8175,14.1725
2/6/20,14.1725,14.2425,12.645,13.78
2/7/20,13.78,13.9925,12.975,13.7475
2/10/20,13.7475,14.6,12.965,14.21
2/11/20,14.21,14.21,11.375,13.88
2/12/20,13.88,13.88,13.1475,13.6225
2/13/20,13.6225,13.6725,11.8,13.37
2/14/20,13.37,13.9875,11.9025,13.615
2/17/20,13.615,14.6175,13.38,14.415
2/18/20,14.415,14.82,11.375,14.51
2/19/20,14.51,14.51,13.4825,14.0225
2/20/20,14.0225,14.0275,10.165,13.7
2/24/20,13.7,17.375,12.295,16.9975
2/25/20,16.9975,17.3175,15.62,16.8975
2/26/20,16.8975,18.865,16.5025,18.26
2/27/20,18.26,19.155,16.8275,17.765
2/28/20,17.765,23.6975,17.4825,23.235
3/2/20,23.235,26.3425,19.92,25.2025
3/3/20,25.2025,26.49,21.5425,24.5425
3/4/20,24.5425,26.2875,22.425,24.225
3/5/20,24.225,24.225,22.125,23.2475
3/6/20,23.2475,27.55,23.2475,25.6425
3/9/20,25.6425,34.355,21.425,30.8
3/11/20,30.8,33.2375,29.65,31.555
3/12/20,31.555,42.3275,29.81,41.1625
3/13/20,41.1625,59.4825,41.1625,51.4725
3/16/20,51.4725,59.865,51.4725,58.875
3/17/20,58.875,63.44,57.25,62.925
3/18/20,62.925,64.5775,61.1525,63.955
3/19/20,63.955,73.3425,63.095,72.1975
3/20/20,72.1975,72.965,65.38,67.1
3/23/20,67.1,73.3675,66.3175,71.985
3/24/20,71.985,86.635,71.985,83.6075
3/25/20,83.6075,84.5975,75.9725,77.625
3/26/20,77.625,79.405,70.675,71.5325
3/27/20,71.5325,73.03,65.6325,70.385
3/30/20,70.385,73.365,70.28,71.89
3/31/20,71.89,71.89,63.6075,64.4075
4/1/20,64.4075,64.4075,59.78,60.0525
4/3/20,60.0525,60.59,54.9,55.3025
4/7/20,55.3025,55.3025,49.9425,51.8
4/8/20,51.8,53.7325,46.975,52.2425
4/9/20,52.2425,52.2425,46.9025,49.745
4/13/20,49.745,52.4925,43.635,51.4575
4/15/20,51.4575,51.4575,44.6475,49.735
4/16/20,49.735,49.735,42.255,46.095
4/17/20,46.095,46.095,40.305,42.5925
4/20/20,42.5925,44.0375,40.295,43.455
4/21/20,43.455,45.9625,36.215,45.1975
4/22/20,45.1975,45.425,40.465,42.8225
4/23/20,42.8225,42.8225,36.9975,39.23
4/24/20,39.23,39.9475,34.9825,39.1175
4/27/20,39.1175,40.1675,35.2125,38.0425
4/28/20,38.0425,41.9125,35.0675,35.355
4/29/20,35.355,35.355,31.4825,33.8375
4/30/20,33.8375,34.2525,32.535,33.9875
5/4/20,33.9875,43.92,33.9875,43.67
5/5/20,43.67,43.865,38.1475,43.6075
5/6/20,43.6075,43.63,40.1975,41.2475
5/7/20,41.2475,41.715,39.6575,39.93
5/8/20,39.93,39.93,36.5475,38.4075
5/11/20,38.4075,38.495,36.9475,38.0375
5/12/20,38.0375,38.8125,35.245,38.205
5/13/20,38.205,39.0475,33.44,38.835
5/14/20,38.835,38.835,35.795,38.1825
5/15/20,38.1825,38.46,34.055,38.0175
5/18/20,38.0175,41.245,27.935,40.915
5/19/20,40.915,40.915,37.9525,39.4525
5/20/20,39.4525,39.4525,34.095,35.81
5/21/20,35.81,35.81,32.575,32.985
5/22/20,32.985,34.36,26.335,32.3775
5/26/20,32.3775,33.21,30.9725,31.47
5/27/20,31.47,32.015,28.855,31.2725
5/28/20,31.2725,31.2725,29.195,30.0175
5/29/20,30.0175,30.5675,27.41,30.22
6/1/20,30.22,32.1725,28.8325,30.7425
6/2/20,30.7425,30.9175,27.9025,30.115
6/3/20,30.115,30.4025,29.335,30.0425
6/4/20,30.0425,30.265,28.45,29.69
6/5/20,29.69,29.69,25.92,28.68
6/8/20,28.68,30.145,27.7975,29.6475
6/9/20,29.6475,30.34,27.24,30.205
6/10/20,30.205,30.205,28.7275,29.4375
6/11/20,29.4375,30.42,28.39,29.66
6/12/20,29.66,32.875,29.66,30.8225
6/15/20,30.8225,33.7775,29.915,32.5775
6/16/20,32.5775,35.3125,30.4075,32.965
6/17/20,32.965,34.0175,29.05,33.355
6/18/20,33.355,33.4225,31.2175,31.455
6/19/20,31.455,31.9125,29.6775,29.965
6/22/20,29.965,30.9825,29.965,30.46
6/23/20,30.46,31.1475,29.2425,29.34
6/24/20,29.34,30.53,27.79,29.5775
6/25/20,29.5775,31.285,29.0575,29.7275
6/26/20,29.7275,30.065,28.315,28.735
6/29/20,28.735,30.45,27.98,28.91
6/30/20,28.91,29.6325,28.405,29.1175
7/1/20,29.1175,29.1625,27.9375,28.1175
7/2/20,28.1175,28.1175,26.315,26.5075
7/3/20,26.5075,26.775,25.6275,25.7675
7/6/20,25.7675,26.175,24.5425,25.1975
7/7/20,25.1975,25.645,24.24,25.1025
7/8/20,25.1025,26.355,25.03,26.1
7/9/20,26.1,27.6575,24.735,24.9125
7/10/20,24.9125,25.4775,23.485,24.9425
7/13/20,24.9425,25.9075,22.805,25.2525
7/14/20,25.2525,27.265,25.2525,26.6375
7/15/20,26.6375,26.6375,23.74,26.29
7/16/20,26.29,26.5975,25.245,25.3625
7/17/20,25.3625,25.5025,23.77,24.1575
7/20/20,24.1575,25.12,24.1575,24.7125
7/21/20,24.7125,24.7125,23.725,24.4275
7/22/20,24.4275,25.8025,23.73,24.885
7/23/20,24.885,24.935,24.0075,24.64
7/24/20,24.64,25.295,22.7375,24.535
7/27/20,24.535,25.7175,23.29,25.0175
7/28/20,25.0175,25.215,23.545,23.6425
7/29/20,23.6425,24.4975,23.6425,24.1125
7/30/20,24.1125,25.1425,22.09,24.7275
7/31/20,24.7275,25.3725,23.9675,24.1925
8/3/20,24.1925,25.69,23.2625,25.185
8/4/20,25.185,25.185,23.555,23.815
8/5/20,23.815,23.9325,21.825,23.5675
8/6/20,23.5675,23.705,22.525,23.15
8/7/20,23.15,23.31,21.755,22.5775
8/10/20,22.5775,23.015,21.4525,22.51
8/11/20,22.51,22.51,20.215,21.36
8/12/20,21.36,21.9225,16.85,20.845
8/13/20,20.845,21.19,19.46,20.5675
8/14/20,20.5675,22.97,16.34,21.6725
8/17/20,21.6725,22.8775,19.5575,21.3075
8/18/20,21.3075,21.3075,18.2525,20.43
8/19/20,20.43,20.43,17.835,19.9575
8/20/20,19.9575,21.08,17.6625,20.6175
8/21/20,20.6175,20.6175,14.885,19.9375
8/24/20,19.9375,20.0675,17.8875,19.23
8/25/20,19.23,19.805,15.4225,19.315
8/26/20,19.315,19.5925,17.2225,19.3025
8/27/20,19.3025,19.47,17.4525,18.895
8/28/20,18.895,18.895,16.655,18.3475
8/31/20,18.3475,23.8725,16.4,22.835
9/1/20,22.835,23.2425,21.11,21.8
9/2/20,21.8,22.495,19.8525,21.105
9/3/20,21.105,21.105,18.16,20.5025
9/4/20,20.5025,22.6475,19.8575,22.1525
9/7/20,22.1525,23.2475,17.245,22.0075
9/8/20,22.0075,23.0725,17.57,22.7225
9/9/20,22.7225,23.27,20.1975,22.23
9/10/20,22.23,22.23,17.7,21.2625
9/11/20,21.2625,21.345,18.1725,20.7125
9/14/20,20.7125,21.74,17.5325,21.19
9/15/20,21.19,21.19,18.8975,20.5975
9/16/20,20.5975,20.5975,16.325,19.66
9/17/20,19.66,20.6825,17.5525,20.1
9/18/20,20.1,20.77,17.5825,20.045
9/21/20,20.045,22.9925,18.2675,22.1875
9/22/20,22.1875,23.275,15.755,21.41
9/23/20,21.41,22.4775,19.37,20.99
9/24/20,20.99,23.8175,20.925,23.51
9/25/20,23.51,23.51,18.6675,20.675
9/28/20,20.675,21.0975,19.35,19.5725
9/29/20,19.5725,20.1975,18.4275,19.775
9/30/20,19.775,20.215,17.675,19.53
10/1/20,19.53,19.53,17.375,18.35
10/5/20,18.35,20.025,18.35,19.705
10/6/20,19.705,19.8925,18.36,19.635
10/7/20,19.635,20.3375,19.0675,20.06
10/8/20,20.06,20.855,18.9775,20.38
10/9/20,20.38,21.0075,17.51,20.38
10/12/20,20.38,22.1,19.39,21.1275
10/13/20,21.1275,21.65,20.525,20.715
10/14/20,20.715,20.9625,18.425,20.21
10/15/20,20.21,22.275,19.0375,22.0575
10/16/20,22.0575,22.4175,20.485,21.645
10/19/20,21.645,22.3175,15.465,21.8175
10/20/20,21.8175,22.7925,18.79,22.69
10/21/20,22.69,23.545,18.3775,22.915
10/22/20,22.915,23.515,17.44,22.635
10/23/20,22.635,22.78,19.8325,21.8275
10/26/20,21.8275,23.405,21.32,22.8325
10/27/20,22.8325,23.1675,22.1225,22.195
10/28/20,22.195,23.465,20.08,23.28
10/29/20,23.28,24.36,22.2825,24.0225
10/30/20,24.0225,26.3,21.725,24.7525
11/1/20,24.7525,25.9175,24.22,25.21
11/2/20,24.7525,25.9175,24.22,25.21
11/3/20,25.21,25.3325,22.9175,24.24
11/4/20,24.24,24.24,20.6725,23.2
11/5/20,23.2,23.2,19.99,20.965
11/6/20,20.965,20.965,19.2825,20.4975
11/9/20,20.4975,21.0475,17.58,20.1125
11/10/20,20.1125,21.845,19.895,21.5775
11/11/20,21.5775,22.375,18.995,22.0325
11/12/20,22.0325,22.0325,19.7875,20.62
11/13/20,20.62,29.525,19.5575,19.7025
11/14/20,19.7025,19.7025,16.175,19.13
11/17/20,19.13,20.405,18.4025,19.8025
11/18/20,19.8025,19.8025,15.72,19.12
11/19/20,19.12,19.9825,16.325,19.57
11/20/20,19.57,19.8075,16.9975,19.6175
11/21/20,19.57,19.8075,16.9975,19.6175
11/23/20,19.6175,20.8625,16.91,20.7975
11/24/20,20.7975,22,20.025,21.0575
11/25/20,21.0575,23.495,20.68,23.1275
11/26/20,23.1275,23.1275,19.4375,20.0225
11/27/20,20.0225,21.28,17.625,19.8175
12/1/20,19.8175,21.235,19.245,20.1825
12/2/20,20.1825,20.5525,17.9625,19.9075
12/3/20,19.9075,19.9075,17.7225,19
12/4/20,19,19.035,16.53,18.0275
12/7/20,18.0275,18.315,16.95,18.025
12/8/20,18.025,18.795,16.2675,18.6175
12/9/20,18.6175,19.63,16.22,18.92
12/10/20,18.92,19.385,17.4225,18.7125
12/11/20,18.7125,19.285,17.3625,18.79
12/14/20,18.79,19.6425,15.3275,19.4025
12/15/20,19.4025,19.8275,15.6925,19.345
12/16/20,19.345,19.3975,18.6075,19.2
12/17/20,19.2,21.6225,14.0525,19.1575
12/18/20,19.1575,19.4925,14.555,18.6225
12/21/20,18.6225,23.68,18.6225,23.19
12/22/20,23.19,24.48,16.5925,21.985
12/23/20,21.985,22.0825,19.395,20.495
12/24/20,20.495,20.9525,15.645,19.9675
12/28/20,19.9675,21.0225,18.5975,20.4275
12/29/20,20.4275,21.2125,17.6275,20.79
12/30/20,20.79,21.5875,20.79,21.11
12/31/20,21.11,21.505,19.19,21.095
1/1/21,21.095,21.3325,19.2625,19.56
1/4/21,19.56,21.0275,19.335,20.03
1/5/21,20.03,21.005,20.03,20.46
1/6/21,20.46,21.63,20.425,20.995
1/7/21,20.995,20.995,20.1375,20.615
1/8/21,20.615,20.85,17.38,20.64
1/11/21,20.64,22.745,20.64,22.3825
1/12/21,22.3825,23.26,22.2925,22.8475
1/13/21,22.8475,24.0475,22.37,23.2925
1/14/21,23.2925,23.7025,22.8075,23.0275
1/15/21,23.0275,24.6775,23.0275,24.01
1/18/21,24.01,25.4125,23.5675,24.395
1/19/21,24.395,24.395,20.36,22.8975
1/20/21,22.8975,23.185,19.33,21.55
1/21/21,21.55,22.7775,18.6175,22.18
1/22/21,22.18,23.04,18.73,22.4225
1/25/21,22.4225,23.81,20.3375,23.245
1/27/21,23.245,24.7475,20.83,24.3925
1/28/21,24.3925,25.295,23.435,24.29
1/29/21,24.29,25.99,22.08,25.3425
2/1/21,25.3425,25.925,22.6,23.3225
2/2/21,23.3225,23.61,21.0025,23.345
2/3/21,23.345,24.1975,20.9475,23.745
2/4/21,23.745,23.9325,22.09,23.1225
2/5/21,23.1225,23.935,20.08,23.415
2/8/21,23.415,24.345,22.1775,23.9575
2/9/21,23.9575,24.4675,21.4325,24.27
2/10/21,24.27,24.955,20.9075,23.9525
2/11/21,23.9525,24.2225,21.0175,23.045
2/12/21,0,0,0,23.045
2/15/21,22.0425,22.39,20.8225,21.475
2/16/21,21.475,22.115,20.535,21.78
2/17/21,21.78,21.88,21.0975,21.505
2/18/21,21.505,22.085,19.9625,21.5425
2/19/21,21.5425,22.8675,19.345,22.25
2/22/21,22.25,25.82,20.0225,25.47
2/23/21,25.47,25.6425,23.8575,25.2275
2/24/21,25.2275,25.2275,23.4825,24.1675
2/25/21,24.1675,24.1675,22.6275,22.8925
2/26/21,22.8925,29.645,22.8925,28.1425
3/1/21,28.1425,28.1425,24.95,25.625
3/2/21,25.625,25.625,23.21,23.605
3/3/21,23.605,23.605,21.815,22.09
3/4/21,22.09,24.5775,22.09,24.15
3/5/21,24.15,26.4075,22.8625,25.56
3/8/21,25.56,25.6525,21.2025,24.675
3/9/21,24.675,24.675,21.4375,22.495
3/10/21,22.495,22.495,19.315,20.7475
3/12/21,20.7475,22.67,18.5375,21.7075
3/15/21,21.7075,22.9325,20.995,21.2275
3/16/21,21.2275,21.2275,18.0625,20.19
3/17/21,20.19,20.42,18.62,20.1575
3/18/21,20.1575,20.9475,16.6825,20.08
3/19/21,20.08,21.865,18.725,19.9875
3/22/21,19.9875,21.2325,18.97,20.4925
3/23/21,20.4925,22.135,20.4925,20.665
3/24/21,20.665,22.6875,19.745,22.455
3/25/21,22.455,23.3125,21.12,22.6975
3/26/21,22.6975,22.9175,18.225,20.65
3/30/21,0,0,0,20.65
3/31/21,20.485,20.83,19.995,20.645
4/1/21,20.645,20.675,19.73,19.9875
4/5/21,19.9875,23.305,19.9875,21.215
4/6/21,21.215,22.24,19.805,20.84
4/7/21,20.84,21.2975,19.43,20.2475
4/8/21,20.2475,20.585,19.17,20.3125
4/9/21,20.3125,20.9675,19.6825,19.785
4/12/21,19.785,23.3025,19.785,22.995
4/13/21,22.995,22.995,20.2975,20.46
4/15/21,20.46,21.545,18.245,20.89
4/16/21,20.89,21.09,19.4825,20.4025
4/19/21,20.4025,23.1075,19.8075,22.485
4/20/21,22.485,22.745,21.2375,22.425
4/22/21,22.425,23.6075,22.425,23.025
4/23/21,23.025,23.0525,20.21,22.69
4/26/21,22.69,23.555,22.6175,23.495
4/27/21,23.495,23.625,22.32,23.0825
4/28/21,23.0825,23.1125,20.9675,22.58
4/29/21,22.58,23.4225,22.1075,23.305
4/30/21,23.305,23.765,22.5975,23.0275
5/3/21,23.0275,24.54,21.84,23.6925
5/4/21,23.6925,23.6925,22.1775,23.01
5/5/21,23.01,23.19,21.135,21.9625
5/6/21,21.9625,22.6125,20.1225,22.035
5/7/21,22.035,22.035,20.31,20.8225
5/10/21,20.8225,21.1475,20.135,20.225
5/11/21,20.225,21.1175,19.7225,19.83
5/12/21,19.83,20.905,18.36,20.08
5/14/21,20.08,21.1525,18.2275,20.2675
5/17/21,20.2675,20.425,18.3625,19.6075
5/18/21,19.6075,19.6075,18.305,19.24
5/19/21,19.24,19.5675,17.23,19.3175
5/20/21,19.3175,19.8375,18.0925,19.6525
5/21/21,19.6525,19.6525,17.13,19.08
5/24/21,19.08,19.885,18.72,19.13
5/25/21,19.13,21.05,17.6875,18.8425
5/26/21,18.8425,21.3025,17.23,20.8725
5/27/21,20.8725,21.3225,18.3525,19.91
5/28/21,19.91,19.91,17.355,17.4025
5/31/21,17.4025,17.99,16.4325,16.885
6/1/21,16.885,17.9625,15.31,17.3875
6/2/21,17.3875,17.6475,15.1675,17.21
6/3/21,17.21,17.21,14.1475,15.745
6/4/21,15.745,16.3825,14.9425,15.94
6/7/21,15.94,15.94,14.7425,15.5675
6/8/21,15.5675,15.6,13.5675,15.225
6/9/21,15.225,15.7425,11.945,14.7525
6/10/21,14.7525,15.2,14.1775,15.0025
6/11/21,15.0025,15.0025,13.9375,14.1025
6/14/21,14.1025,15.3075,13.74,14.715
6/15/21,14.715,15.1625,13.2775,14.605
6/16/21,14.605,15.3225,13.6175,14.865
6/17/21,14.865,16.05,14.5275,15.2875
6/18/21,15.2875,16.62,10.6,14.7975
6/21/21,14.7975,16.46,14.375,15.06
6/22/21,15.06,15.1125,14.425,14.7375
6/23/21,14.7375,15.535,13.625,15.365
6/24/21,15.365,15.6375,14.925,15.0975
6/25/21,15.0975,15.2675,13.275,13.3675
6/28/21,13.3675,13.77,13.1175,13.4025
6/29/21,13.4025,13.4025,12.9025,13.0025
6/30/21,13.0025,13.14,12.6,13.045
7/1/21,13.045,13.2825,12.33,12.84
7/2/21,12.84,13.02,12.0225,12.09
7/5/21,12.09,12.6225,11.9875,12.0675
7/6/21,12.0675,12.36,11.29,12.275
7/7/21,12.275,12.585,11.1475,12.2125
7/8/21,12.2125,14.0075,12.055,13.56
7/9/21,13.56,14.0025,12.175,12.9425
7/12/21,12.9425,13.6075,11.81,12.9925
7/13/21,12.9925,12.9925,10.6725,12.6225
7/14/21,12.6225,12.96,10.485,12.59
7/15/21,12.59,12.945,11.0825,12.27
7/16/21,12.27,12.37,11.625,11.705
7/19/21,11.705,13.1975,11.705,12.68
7/20/21,12.68,14.0925,11.7875,13.205
7/22/21,13.205,13.205,11.7175,11.885
7/23/21,11.885,12.115,11.5675,11.7625
7/26/21,11.7625,12.54,10.395,12.45
7/27/21,12.45,13.525,12.1025,13.2325
7/28/21,13.2325,15.98,11.355,13.6925
7/29/21,13.6925,13.6925,12.435,12.945
7/30/21,12.945,13.32,12.175,12.8025
8/2/21,12.8025,13.09,11.5175,12.805
8/3/21,12.805,13.905,11.9625,13.7475
8/4/21,13.7475,14.0575,12.65,13.2125
8/5/21,13.2125,13.4175,11.2025,12.8725
8/6/21,12.8725,13.1625,11.64,12.6075
8/9/21,12.6075,13.11,12.03,12.605
8/10/21,12.605,13.0675,9.9825,12.705
8/11/21,12.705,13.3275,10.4725,12.7125
8/12/21,12.7125,12.8175,11.3625,12.3725
8/13/21,12.3725,13.1625,11.395,12.99
8/16/21,12.99,13.6575,11.375,13.4575
8/17/21,13.4575,13.61,12.0275,13.4125
8/18/21,13.4125,13.4125,11.12,12.905
8/20/21,12.905,14.14,12.3475,14.015
8/23/21,14.015,14.44,12.725,13.685
8/24/21,13.685,14.5075,13.0975,13.1875
8/25/21,13.1875,13.9725,12.265,13.4975
8/26/21,13.4975,14.195,12.1125,13.5375
8/27/21,13.5375,13.76,12.94,13.405
8/30/21,13.405,13.685,12.4025,13.3175
8/31/21,13.3175,14.765,12.635,14.52
9/1/21,14.52,15.63,13.9,14.185
9/2/21,14.185,14.385,13.61,14.24
9/3/21,14.24,14.645,13.58,14.5425
9/6/21,14.5425,15.28,14.055,15.105
9/7/21,15.105,15.23,14.585,14.895
9/8/21,14.895,15.0625,12.485,14.41
9/9/21,14.41,14.41,13.6375,13.9425
9/13/21,13.9425,14.7775,11.9175,14.025
9/14/21,14.025,14.025,10.8725,13.575
9/15/21,13.575,13.875,12.37,13.73
9/16/21,13.73,14.525,9.025,14.4125
9/17/21,14.4125,15.65,12.1375,15.2325
9/20/21,15.2325,17.8075,10.2275,17.4925
9/21/21,17.4925,17.9975,13.0025,16.52
9/22/21,16.52,16.86,13.2775,16.4925
9/23/21,16.4925,16.9375,10.3125,16.6025
9/24/21,16.6025,17.33,12.7725,16.9225
9/27/21,16.9225,18.1375,13.515,18.0525
9/28/21,18.0525,18.57,15.3725,18.535
9/29/21,18.535,19.435,16.7575,18.8375
9/30/21,18.8375,19.1375,17.15,18.4025
10/1/21,18.4025,19.075,16.9975,17.21
10/4/21,17.21,17.53,15.3175,16.735
10/5/21,16.735,17.1325,16.295,16.3975
10/6/21,16.3975,17.59,16.1075,17.3325
10/7/21,17.3325,17.3325,14.4525,16.155
10/8/21,16.155,16.4025,15.5325,15.6525
10/11/21,15.6525,16.41,12.23,16.085
10/12/21,16.085,16.3975,13.9375,15.8475
10/13/21,15.8475,16.22,13.38,16.1
10/14/21,16.1,16.285,12.6125,15.7675
10/18/21,15.7675,17.315,14.155,17.185
10/19/21,17.185,17.5425,14.235,17.3825
10/20/21,17.3825,18.865,15.2325,18.3125
10/21/21,18.3125,18.795,14.9075,18.035
10/22/21,18.035,18.035,14.355,17.545
10/25/21,17.545,18.7575,14.5075,17.61
10/26/21,17.61,17.725,16.645,16.7525
10/27/21,16.7525,17.0325,15.4025,16.8275
10/28/21,16.8275,18.4325,16.8125,17.9125
10/29/21,17.9125,19.64,16.2825,17.425
11/1/21,17.425,18.095,15.3825,17.235
11/2/21,17.235,17.7875,16.36,17.0625
11/3/21,17.0625,17.0625,15.7,16.125
11/4/21,16.125,16.4125,14.305,15.7475
11/8/21,15.7475,16.925,13.99,16.34
11/9/21,16.34,16.615,14.6425,16.0025
11/10/21,16.0025,16.685,15.14,16.305
11/11/21,16.305,17.285,14.645,16.3525
11/12/21,16.3525,16.3525,14.645,15.2175
11/15/21,15.2175,15.8425,13.4275,15.465
11/16/21,15.465,15.6825,13.58,15.195
11/17/21,15.195,15.4125,13.915,14.98
11/18/21,14.98,16.1475,12.08,14.8575
11/22/21,14.8575,18.0825,13.5625,17.52
11/23/21,17.52,20.025,16.7925,18.015
11/24/21,18.015,18.015,15.5775,17.095
11/25/21,17.095,18.0725,16.0025,16.6625
11/26/21,16.6625,21.3925,16.05,20.8025
11/29/21,20.8025,23.82,18.8925,20.83
11/30/21,20.83,21.965,18.8075,21.1675
12/1/21,21.1675,21.1675,18.935,19.4475
12/2/21,19.4475,22.965,18.0025,18.0875
12/3/21,18.0875,18.8325,17.21,18.455
12/6/21,18.455,20.4775,18.3,20.0775
12/7/21,20.0775,20.0775,18.2425,18.46
12/8/21,18.46,18.46,16.565,17.265
12/9/21,17.265,17.435,15.54,16.6025
12/10/21,16.6025,16.9325,15.21,16.06
12/13/21,16.06,16.86,14.675,16.57
12/14/21,16.57,17.33,13.9375,16.9525
12/15/21,16.9525,17.7125,15.7675,17.2175
12/16/21,17.2175,17.2175,15.2625,15.895
12/17/21,15.895,16.9075,13.76,16.3375
12/20/21,16.3375,20.135,16.3375,18.965
12/21/21,18.965,18.965,16.6275,17.5375
12/22/21,17.5375,17.5375,15.69,16.58
12/23/21,16.58,16.58,15.68,15.825
12/24/21,15.825,16.6525,15.3325,16.1475
12/27/21,16.1475,17.2775,15.2625,17.1175
12/28/21,17.1175,17.1175,15.2075,16.475
12/29/21,16.475,16.8625,15.8,16.2425
12/30/21,16.2425,16.7875,15.2925,16.565
12/31/21,16.565,16.7675,15.4,16.2225
1/3/22,16.2225,16.81,15.4525,16.4525
1/4/22,16.4525,16.675,15.71,16.12
1/5/22,16.12,17.38,15.0875,17.2275
1/6/22,17.2275,18.4175,16.4,17.9775
1/7/22,17.9775,18.09,16.86,17.6025
1/10/22,17.6025,18.39,15.8425,17.6775
1/11/22,17.6775,18.2475,16.4375,17.7575
1/12/22,17.7575,17.925,16.5475,17.1825
1/13/22,17.1825,17.525,16.6075,16.705
1/14/22,16.705,17.1,15.3425,16.555
1/17/22,16.555,17.5475,16.2675,16.765
1/18/22,16.765,17.875,16.765,17.78
1/19/22,17.78,18.4475,15.94,17.8175
1/20/22,17.8175,18.45,17.32,17.79
1/21/22,17.79,19.605,16.9825,18.8875
1/24/22,18.8875,23.9,18.8875,22.825
1/25/22,22.825,24.1375,21.18,21.3575
1/27/22,21.3575,23.8675,20.4425,21.065
1/28/22,21.065,21.32,20.2825,20.695
1/31/22,20.695,22.11,20.695,21.9525
2/1/22,21.9525,22.07,19.745,19.9775
2/2/22,19.9775,19.9775,18.5475,18.65
2/3/22,18.65,19.595,17.4075,19.16
2/4/22,19.16,19.7775,18.595,18.8975
2/7/22,18.8975,21.0825,18.1825,20.4375
2/8/22,20.4375,20.9375,19.555,19.685
2/9/22,19.685,19.685,17.885,18.555
2/10/22,18.555,18.925,16.8,17.71
2/11/22,17.71,19.5325,16.855,18.68
2/14/22,18.68,23.535,18.68,22.9775
2/15/22,22.9775,23.14,20.435,20.6125
2/16/22,20.6125,21.02,19.3525,20.5925
2/17/22,20.5925,22.37,19.4625,22.005
2/18/22,22.005,23.21,21.635,22.165
2/21/22,22.165,23.755,20.57,22.9025
2/22/22,22.9025,27.815,22.9025,26.6625
2/23/22,26.6625,26.6625,23.9075,24.5425
2/24/22,24.5425,33.9725,24.5425,31.9825
2/25/22,31.9825,31.9825,26.15,26.74
2/28/22,26.74,29.785,26.74,28.57
3/2/22,28.57,30.8425,28.57,29.2325
3/3/22,29.2325,29.2325,27.2225,28.155
3/4/22,28.155,29.925,27.2225,27.9575
3/7/22,27.9575,30.2775,27.9575,29.33
3/8/22,29.33,30.0575,27.1125,28.5875
3/9/22,28.5875,28.5875,27.305,27.4675
3/10/22,27.4675,27.4675,22.9625,25.5825
3/11/22,25.5825,25.8725,24.58,25.345
3/14/22,25.345,26.2125,25.09,25.6775
3/15/22,25.6775,27.5425,23.6575,26.73
3/16/22,26.73,26.73,24.0125,24.1175
3/17/22,24.1175,24.1175,20.77,22.61
3/21/22,22.61,24.7125,22.61,24.6225
3/22/22,24.6225,25.1575,23.76,24.07
3/23/22,24.07,24.975,20.455,24.7475
3/24/22,24.7475,25.53,23.8125,23.93
3/25/22,23.93,24.2725,22.91,23.43
3/28/22,23.43,24.2125,19.59,22.61
3/29/22,22.61,22.61,21.1025,21.3025
3/30/22,21.3025,21.3025,19.73,20.61
3/31/22,20.61,20.9425,20.2125,20.56
4/1/22,20.56,20.855,18.12,18.435
4/4/22,18.435,18.825,17.5925,17.9075
4/5/22,17.9075,18.63,16.79,18.4875
4/6/22,18.4875,19.2825,16.81,19.0225
4/7/22,19.0225,19.49,17.7175,18.9975
4/8/22,18.9975,20.0875,17.53,17.6875
4/11/22,17.6875,19.145,16.6425,18.27
4/12/22,18.27,18.6725,15.085,18.1575
4/13/22,18.1575,18.4025,16.1925,17.785
4/18/22,17.785,20.4825,17.785,19.335
4/19/22,19.335,20.8075,14.6275,19.775
4/20/22,19.775,20.265,17.835,18.6725
4/21/22,18.6725,18.6725,13.35,17.8525
4/22/22,17.8525,18.76,17.8125,18.3525
4/25/22,18.3525,21.755,18.3525,21.2575
4/26/22,21.2575,21.2575,19.005,19.1875
4/27/22,19.1875,21.365,19.1875,20.605
4/28/22,20.605,20.605,19.0225,19.3775
4/29/22,19.3775,19.6475,18.2075,19.415
5/2/22,19.415,21.0625,19.415,20.2825
5/4/22,20.2825,22.3875,18.4275,21.8775
5/5/22,21.8775,21.8775,19.615,20.2925
5/6/22,20.2925,21.81,19.3325,21.25
5/9/22,21.25,22.52,18.96,22.0325
5/10/22,22.0325,22.515,21.2175,22.3025
5/11/22,22.3025,24.1875,20.4825,22.8025
5/12/22,22.8025,25.315,21.15,24.265
5/13/22,24.265,24.265,20.9675,23.485
5/16/22,23.485,24.7125,21.275,24.5275
5/17/22,24.5275,24.84,17.095,22.7425
5/18/22,22.7425,23.06,21.34,22.295
5/19/22,22.295,25.1475,22.295,24.5575
5/20/22,24.5575,24.5575,22.4425,23.1
5/23/22,23.1,23.975,20.5,23.3975
5/24/22,23.3975,25.99,23.155,25.635
5/25/22,25.635,25.635,24.3625,25.2825
5/26/22,25.2825,25.2825,22.535,22.7175
5/27/22,22.7175,22.7175,21.2,21.48
5/30/22,21.48,21.48,19.72,19.98
5/31/22,19.98,20.75,19.68,20.4775
6/1/22,20.4775,21.3375,18.23,20.845
6/2/22,20.845,20.9975,18.3825,20.32
6/3/22,20.32,20.32,18.735,19.975
6/6/22,19.975,20.6825,18.65,20.2025
6/7/22,20.2025,21.07,19.4325,20.425
6/8/22,20.425,20.6875,19.3875,19.8375
6/9/22,19.8375,19.8375,18.155,19.14
6/10/22,19.14,19.755,18.255,19.575
6/13/22,19.575,22.8025,19.575,22.365
6/14/22,22.365,22.635,18.9475,21.8875
6/15/22,21.8875,22.365,20.95,22.1475
6/16/22,22.1475,28.13,19.7475,22.8675
6/17/22,22.8675,23.69,18.0225,22.7575
6/20/22,22.7575,23.635,16.0025,22.4125
6/21/22,22.4125,22.4125,20.48,21.1425
6/22/22,21.1425,21.785,19.32,21.3
6/23/22,21.3,21.71,18.355,20.88
6/24/22,20.88,21.2725,18.6825,20.55
6/27/22,20.55,21.12,19.545,21.005
6/28/22,21.005,21.68,20.5125,21.45
6/29/22,21.45,22.085,21.45,21.9
6/30/22,21.9,22.2725,21.5375,21.84
7/1/22,21.84,22.43,21.1425,21.25
7/4/22,21.25,22.2475,20.9225,20.9725
7/5/22,20.9725,20.9925,20.235,20.7875
7/6/22,20.7875,20.7875,19.8225,20.2675
7/7/22,20.2675,20.2675,19.0125,19.2025
7/8/22,19.2025,19.2025,18.22,18.395
7/11/22,18.395,19.215,16.6475,18.3675
7/12/22,18.3675,18.6375,17.3,18.5475
7/13/22,18.5475,18.7625,17.735,18.52
7/14/22,18.52,18.69,17.75,18.34
7/15/22,18.34,18.34,17.53,17.5975
7/18/22,17.5975,18.1825,16.47,17.16
7/19/22,17.16,17.6675,16.3525,17.2025
7/20/22,17.2025,17.2725,15.6575,16.8225
7/21/22,16.8225,17.2075,15.9725,16.8575
7/22/22,16.8575,16.9625,16.1625,16.65
7/25/22,16.65,17.9075,16.1775,17.68
7/26/22,17.68,18.2675,17.355,18.17
7/27/22,18.17,18.635,17.7525,18.13
7/28/22,18.13,18.13,16.8375,17.0125
7/29/22,17.0125,18.645,16.49,16.55
8/1/22,16.55,17.625,15.8925,17.485
8/2/22,17.485,18.755,17.485,18.53
8/3/22,18.53,19.1725,17.95,18.45
8/4/22,18.45,21.06,17.625,19.2575
8/5/22,19.2575,19.39,18.0075,18.915
8/8/22,18.915,20.18,17.78,19.3025
8/10/22,19.3025,20.77,18.8575,19.5875
8/11/22,19.5875,19.5875,18.2,18.355
8/12/22,18.355,18.525,17.41,17.6075
8/16/22,17.6075,18.355,17.005,17.685
8/17/22,17.685,17.7875,16.5475,17.6775
8/18/22,17.6775,18.44,16.715,17.35
8/19/22,17.35,18.5675,16.875,18.285
8/22/22,18.285,19.295,17.2,19.0375
8/23/22,19.0375,19.59,18.1775,19.05
8/24/22,19.05,19.3425,17.9875,18.43
8/25/22,18.43,20.215,17.275,19.57
8/26/22,19.57,19.57,15.825,18.215
8/29/22,18.215,21.205,18.215,19.8225
8/30/22,19.8225,19.8225,17.2575,18.7
9/1/22,18.7,20.9875,18.105,19.8725
9/2/22,19.8725,20.1425,17.4025,19.55
9/5/22,19.55,20.29,19.45,19.6625
9/6/22,19.6625,20,18.645,19.525
9/7/22,19.525,20.175,18.2775,19.3675
9/8/22,19.3675,19.3675,17.3025,18.305
9/9/22,18.305,18.51,16.545,17.7175
9/12/22,17.7175,18.3825,16.3925,17.9375
9/13/22,17.9375,17.9375,16.8575,17.47
9/14/22,17.47,18.565,17.26,18.2775
9/15/22,18.2775,19.215,16.78,18.3925
9/16/22,18.3925,20.2425,18.3,19.8225
9/19/22,19.8225,21.205,16.4725,19.94
9/20/22,19.94,19.94,18.1125,18.7975
9/21/22,18.7975,20.29,18.305,19.325
9/22/22,19.325,20.1375,17.4075,18.815
9/23/22,18.815,20.8125,17.345,20.5925
9/26/22,20.5925,22.8975,18.805,21.8925
9/27/22,21.8925,22.2925,20.7875,21.5675
9/28/22,21.5675,22.3625,21.49,22.095
9/29/22,22.095,22.2875,21.065,21.3025
9/30/22,21.3025,21.9875,19.6975,19.9675
10/3/22,19.9675,21.68,19.9675,21.365
10/4/22,21.365,21.365,19.4475,19.57
10/6/22,19.57,20.02,18.585,19.315
10/7/22,19.315,19.725,18.6875,18.8125
10/10/22,18.8125,20.34,18.8125,19.6225
10/11/22,19.6225,20.8175,19.09,20.49
10/12/22,20.49,20.885,19.885,20.175
10/13/22,20.175,20.9425,18.4025,20.29
10/14/22,20.29,20.63,18.075,18.2575
10/17/22,18.2575,19.0775,18.2575,18.4175
10/18/22,18.4175,18.4175,16.575,17.4525
10/19/22,17.4525,17.555,16.2275,17.4875
10/20/22,17.4875,17.7625,15.5675,17.2325
10/21/22,17.2325,17.4275,16.585,17.28
10/24/22,17.28,17.6725,17.07,17.4225
10/25/22,17.4225,17.6175,16.49,16.88
10/27/22,16.88,17.07,14.79,16.5975
10/28/22,16.5975,17.0375,15.8475,15.9225
10/31/22,15.9225,16.63,15.07,15.8025
11/1/22,15.8025,16.2025,15.1075,16.13
11/2/22,16.13,16.855,14.68,16.6625
11/3/22,16.6625,16.7325,14.985,15.9425
11/4/22,15.9425,16.2075,15.4825,15.655
11/7/22,15.655,16.355,15.2775,15.585
11/9/22,15.585,16.0675,15.0175,15.915
11/10/22,15.915,16.2925,15.4925,15.5675
11/11/22,15.5675,15.5675,14.2775,14.405
11/15/22,14.91,15.015,13.8275,14.635
11/16/22,14.635,15.5325,13.9275,15.1
11/17/22,15.1,16.2625,13.09,14.8775
11/18/22,14.8775,15.6925,13.86,14.39
11/21/22,14.39,15.5475,13.3625,14.7975
11/22/22,14.7975,16.2725,13.32,13.8425
11/23/22,13.8425,14.3275,11.875,14.0425
11/24/22,14.0425,14.0425,12.9975,13.4775
11/25/22,13.4775,15.7725,12.7725,13.3325
11/28/22,13.3325,14.0575,12.41,13.565
11/29/22,13.565,14.62,12.4075,13.615
11/30/22,13.615,14.05,12.7525,13.8075
12/1/22,13.8075,14.23,12.985,13.36
12/2/22,13.36,14.0925,12.96,13.45
12/5/22,13.45,14.4175,13.45,13.7325
12/6/22,13.7325,14.2525,12.18,14.0425
12/7/22,14.0425,14.4625,13.795,14.0775
12/8/22,14.0775,14.89,13.26,13.3975
12/9/22,13.3975,13.9625,11.9125,13.4775
12/12/22,13.4775,14.15,12.5275,13.3175
12/13/22,13.3175,13.5775,11.4325,12.8825
12/14/22,12.8825,13.0825,11.5275,12.885
12/15/22,12.885,13.8825,12.5875,13.7325
12/16/22,13.7325,14.22,12.4925,14.07
12/19/22,14.07,14.4875,13.5,13.5525
12/20/22,13.5525,14.9225,13.04,13.78
12/21/22,13.78,16.01,12.4625,15.5625
12/22/22,15.5625,16.3,14.44,15.1875
12/23/22,15.1875,16.48,14.4825,16.16
12/26/22,16.16,17.23,14.3075,15.9325
12/27/22,15.9325,16.1325,14.925,15.29
12/28/22,15.29,15.6475,15.2725,15.395
12/29/22,15.395,15.77,14.71,14.8125
12/30/22,14.8125,15.115,14.2825,14.8675
1/2/23,14.8675,15.4525,14.5675,14.685
1/3/23,14.685,14.99,14.305,14.385
1/4/23,14.385,15.6825,14.33,15.1975
1/5/23,15.1975,15.6,14.8125,14.9825
1/6/23,14.9825,15.4375,14.6225,15.025
1/9/23,15.025,15.3775,14.53,14.6525
1/10/23,14.6525,15.935,14.5625,15.51
1/11/23,15.51,16.225,15.115,15.435
1/12/23,15.435,16.0425,14.4175,15.275
1/13/23,15.275,15.6025,14.395,14.46
1/16/23,14.46,15.3625,14.46,15.0225
1/17/23,15.0225,15.31,13.84,14.59
1/18/23,14.59,14.75,12.4725,14.3725
1/19/23,14.3725,14.8325,13.8925,13.96
1/20/23,13.96,14.185,11.6425,13.7875
1/23/23,13.7875,14.26,13.48,13.6175
1/24/23,13.6175,13.81,13.3,13.6575
1/25/23,13.6575,15.4225,13.5175,14.655
1/27/23,14.655,18.0125,14.5825,17.32
1/30/23,17.32,19.39,17.29,17.71
1/31/23,17.71,18.3675,16.565,16.875
2/1/23,16.875,18.54,14.8475,16.78
2/2/23,16.78,17.7675,15.5075,15.7325
2/3/23,15.7325,15.7575,14.27,14.3975
2/6/23,14.3975,15.205,14.185,14.6875
2/7/23,14.6875,14.875,13.665,14.125
2/8/23,14.125,14.2475,13.535,13.595
2/9/23,13.595,13.815,12.0625,13.04
2/10/23,13.04,13.2775,12.2075,12.745
2/13/23,12.745,14.095,11.83,13.68
2/14/23,13.68,13.68,12.4525,13.4525
2/15/23,13.4525,13.4525,11.28,12.86
2/16/23,12.86,13.1625,10.1725,12.89
2/17/23,12.89,13.52,10.8025,13.085
2/20/23,13.085,13.7075,10.9225,13.3825
2/21/23,13.3825,14.295,13.3825,14.0075
2/22/23,14.0075,15.915,12.3775,15.5875
2/23/23,15.5875,16.01,14.5175,15.075
2/24/23,15.075,15.1425,14.0075,14.185
2/27/23,14.185,15.0975,13.75,13.875
2/28/23,13.875,14.5675,13.5,14.02
3/1/23,14.02,14.02,12.275,12.995
3/2/23,12.995,13.55,11.1,12.97
3/3/23,12.97,12.97,11.98,12.18
3/6/23,12.18,12.4725,11.8375,12.2675
3/8/23,12.2675,12.8475,11.8975,12.45
3/9/23,12.45,12.8425,11.78,12.725
3/10/23,12.725,13.8175,12.725,13.4125
3/13/23,13.4125,16.4275,13.4125,16.215
3/14/23,16.215,16.6425,15.0025,16.2175
3/15/23,16.2175,16.505,14.5175,16.295
3/16/23,16.295,17.355,13.95,16.2175
3/17/23,16.2175,16.2175,14.6,14.7675
3/20/23,14.7675,17.22,14.52,16.0075
3/21/23,16.0075,16.035,14.0825,15.0825
3/22/23,15.0825,15.0925,14.2425,14.8075
3/23/23,14.8075,15.0575,13.9025,14.49
3/24/23,14.49,15.43,14.2025,15.24
3/27/23,15.24,16.0925,15.0975,15.445
3/28/23,15.445,15.6075,14.865,15.1
3/29/23,15.1,15.1,13.32,13.6275
3/31/23,13.6275,13.6275,12.0725,12.935
4/3/23,12.935,13.49,12.465,12.585
4/5/23,12.585,12.805,12.0525,12.4125
4/6/23,12.4125,12.57,11.65,11.7975
4/10/23,11.7975,12.5625,11.7975,12.2725
4/11/23,12.2725,12.2725,11.665,11.975
4/12/23,11.975,12.395,11.975,12.2725
4/13/23,12.2725,12.51,11.84,11.9075
4/17/23,11.9075,13.2725,11.9075,12.265
4/18/23,12.265,12.525,11.8625,12.075
4/19/23,12.075,12.47,11.1075,12.1525
4/20/23,12.1525,12.3975,11.58,11.94
4/21/23,11.94,12.04,11.52,11.63
4/24/23,11.63,12.205,11.58,11.6675
4/25/23,11.6675,11.8125,11.425,11.52
4/26/23,11.52,11.8975,11.2975,11.6525
4/27/23,11.6525,12.02,10.96,11.425
4/28/23,11.425,11.5425,10.7875,10.9475
5/2/23,10.9475,12.0625,10.9475,11.8975
5/3/23,11.8975,12.25,11.13,11.84
5/4/23,11.84,12.03,11.185,11.7325
5/5/23,11.7325,12.375,11.53,12.295
5/8/23,12.295,12.91,11.7225,12.635
5/9/23,12.635,12.815,11.6575,12.6775
5/10/23,12.6775,13.2975,11.5425,13.0825
5/11/23,13.0825,13.74,12.815,13.215
5/12/23,13.215,13.51,12.7375,12.8525
5/15/23,12.8525,13.615,12.5375,13.1725
5/16/23,13.1725,13.485,11.71,13.2925
5/17/23,13.2925,13.58,11.895,13.105
5/18/23,13.105,13.105,11.1375,12.795
5/19/23,12.795,12.82,11.6875,12.3025
5/22/23,12.3025,12.82,11.555,12.57
5/23/23,12.57,13.075,12.3175,12.605
5/24/23,12.605,13.4375,12.41,13.1125
5/25/23,13.1125,13.1325,8.1825,12.52
5/26/23,12.52,12.8575,11.7,11.9
5/29/23,11.9,12.4925,8.8075,12.2975
5/30/23,12.2975,12.38,11.7675,12.01
5/31/23,12.01,12.4675,11.58,11.9725
6/1/23,11.9725,11.9725,11.22,11.5975
6/2/23,11.5975,11.735,10.86,11.125
6/5/23,11.125,11.335,10.3225,11.1375
6/6/23,11.1375,11.6175,10.465,11.38
6/7/23,11.38,11.5375,9.6375,11.4425
6/8/23,11.4425,11.5675,10.13,11.2575
6/9/23,11.2575,11.2975,10.3075,11.12
6/12/23,11.12,11.8025,10.5825,11.245
6/13/23,11.245,11.25,9.99,11.11
6/14/23,11.11,11.3675,10.6325,11.1625
6/15/23,11.1625,11.37,9.6925,11.08
6/16/23,11.08,11.08,10.5575,10.84
6/19/23,10.84,11.4975,10.33,11.225
6/20/23,11.225,11.4375,10.5675,11.1325
6/21/23,11.1325,11.4325,10.77,11.2925
6/22/23,11.2925,11.7125,10.6925,11.5475
6/23/23,11.5475,11.8375,11.1425,11.235
6/26/23,11.235,11.925,11.235,11.395
6/27/23,11.395,11.4225,10.6925,10.7775
6/28/23,10.7775,11.535,10.6525,10.8875
6/30/23,10.8875,11.215,10.07,10.8
7/3/23,10.8,12.03,10.8,11.54
7/4/23,11.54,11.99,11.5225,11.7
7/5/23,11.7,12.21,11.5675,11.8825
7/6/23,11.8825,12.205,11.7775,11.84
7/7/23,11.84,12.0725,11.08,11.5325
7/10/23,11.5325,12.01,11.36,11.4625
7/11/23,11.4625,11.4625,10.945,11.0125
7/12/23,11.0125,11.2,10.72,10.935
7/13/23,10.935,11.1725,10.695,10.9375
7/14/23,10.9375,10.9375,10.6125,10.6825
7/17/23,10.6825,11.3975,9.8575,11.315
7/18/23,11.315,12.02,11.0675,11.71
7/19/23,11.71,11.9375,11.54,11.6
7/20/23,11.6,12.255,11.37,11.785
7/21/23,11.785,12.0325,11.06,11.485
7/24/23,11.485,11.995,10.5375,11.6525
7/25/23,11.6525,11.6525,10.1125,10.2425
7/26/23,10.2425,10.8625,10.2175,10.4575
7/27/23,10.4575,10.9825,9.8875,10.5125
7/28/23,10.5125,10.81,10.035,10.135
7/31/23,10.135,11.1875,10.135,10.4125
8/1/23,10.4125,10.7025,10.195,10.2825
8/2/23,10.2825,11.805,9.95,11.2775
8/3/23,11.2775,11.96,10.9825,11.185
8/4/23,11.185,11.185,10.4825,10.5725
8/7/23,10.5725,11.4175,10.4025,11.1025
8/8/23,11.1025,11.53,11.1025,11.325
8/9/23,11.325,11.765,10.485,11.14
8/10/23,11.14,11.91,10.6275,11.4
8/11/23,11.4,11.87,11.36,11.55
8/14/23,11.52,12.76,10.48,11.99
8/16/23,12,12.68,12,12.13
8/17/23,12.13,12.67,12.13,12.26
8/18/23,12.24,12.49,10.79,12.12
8/21/23,12.14,12.59,11.17,11.93
8/22/23,11.96,12.09,11.59,11.77
8/23/23,11.75,11.89,10.31,11.77
8/24/23,11.73,12.24,10.2,11.63
8/25/23,11.7,12.16,11.63,12.13
8/28/23,12.08,12.72,12.13,12.42
8/29/23,12.4,12.46,10.65,12.21
8/30/23,12.23,12.24,11.46,11.87
8/31/23,11.8,12.28,11.76,11.98
9/1/23,12.06,12.18,10.41,11.39
9/4/23,11.37,11.54,10.92,10.98
9/5/23,10.96,11.09,10.77,10.8
9/6/23,10.82,10.98,10.57,10.67
9/7/23,10.68,11.03,10.62,10.86
9/8/23,10.87,10.97,10.08,10.79
9/11/23,10.78,11.5,10.34,11.33
9/12/23,11.35,12.02,10.71,11.65
9/13/23,11.69,12.05,11.54,11.77
9/14/23,11.83,12.04,11.26,11.29
9/15/23,11.32,11.32,10.07,10.92
9/18/23,10.9,11.41,10.45,10.76
9/20/23,10.84,11.47,10.84,11.1
9/21/23,11.13,11.39,10.62,10.85
9/22/23,10.82,11.07,10.39,10.63
9/25/23,10.66,11.31,10.27,10.91
9/26/23,10.9,11.29,10.95,11.2
9/27/23,11.19,11.82,11.33,11.61
9/28/23,11.59,13.02,11.83,12.93
9/29/23,12.82,12.82,11.31,11.52
10/3/23,11.45,12.41,10.78,11.77
10/4/23,11.79,12.22,11.12,11.62
10/5/23,11.66,11.66,10.84,10.92
10/6/23,10.94,10.94,10.23,10.27
10/9/23,10.3,11.63,10.12,11.39
10/10/23,11.4,11.4,10.86,11.25
10/11/23,11.27,11.32,10.39,11.01
10/12/23,10.99,11.12,10.57,10.6
10/13/23,10.62,11.03,10.4,10.55
10/16/23,10.62,11.13,10.87,11.08
10/17/23,11.07,11.07,10.43,10.74
10/18/23,10.7,11.17,10.49,10.96
10/19/23,10.97,11.21,10.05,10.9
10/20/23,10.9,11.09,10.08,10.78
10/23/23,10.82,11.36,10.06,11.02
10/25/23,10.91,12.18,11.02,11.16
10/26/23,11.31,12.7,11.31,11.8
10/27/23,11.73,12.31,10.67,10.89
10/30/23,10.91,12.19,10.91,11.5
10/31/23,11.49,12.29,11.26,11.75
11/1/23,11.83,12.2,11.83,12.02
11/2/23,12.05,12.05,10.96,11.07
11/3/23,11.08,11.08,10.64,10.87
11/6/23,10.88,11.28,10.38,11.13
11/7/23,11.11,12.18,11,11.19
11/8/23,11.19,11.33,10.63,11.06
11/9/23,11.04,11.25,10.37,11.05
11/10/23,10.98,11.36,11.03,11.11
11/13/23,11.35,11.63,10.5,11.18
11/15/23,11.19,11.42,11.11,11.11
11/16/23,11.14,11.81,10.62,11.65
11/17/23,11.65,12.09,10.19,11.9
11/20/23,11.83,12.67,11.2,12
11/21/23,12.15,12.44,10.76,12.2
11/22/23,12.23,12.71,11.02,11.89
11/23/23,11.87,12.14,10.98,11.25
11/24/23,11.32,11.47,10.97,11.33
11/28/23,11.33,12.48,11.07,12.45
11/29/23,12.18,14.46,11.33,12.78
11/30/23,12.71,13.35,11.76,12.57
12/1/23,12.69,12.76,11.78,12.35
12/4/23,12.38,13.16,11.34,12.6
12/5/23,12.99,13.88,11.48,13.47
12/6/23,13.46,14.09,12.69,13.68
12/7/23,13.74,13.74,12.55,12.59
12/8/23,12.67,12.88,12.14,12.58
12/11/23,12.47,13.12,12.23,12.75
12/12/23,12.76,12.87,11.69,12.74
12/13/23,12.71,12.82,11.54,12.1
12/14/23,12.07,12.51,11,12.34
12/15/23,12.32,13.34,10.8,13.29
12/18/23,13.13,14.12,13.13,13.93
12/19/23,13.9,14.12,13.55,13.86
12/20/23,13.87,14.87,12.78,14.37
12/21/23,14.45,15.01,12.28,13.65
12/22/23,13.76,13.99,12.23,13.51
12/26/23,13.71,14.95,13.71,14.64
12/27/23,14.68,15.73,14.47,15.44
12/28/23,15.56,16.47,14.96,15.12
12/29/23,15.14,15.43,14.37,14.41
1/1/24,14.5,14.87,14.33,14.75
1/2/24,14.68,15.08,14.24,14.58
1/3/24,14.58,14.78,14.02,14.1
1/4/24,14.1,14.21,13.21,13.35
1/5/24,13.33,13.47,12.49,12.52
1/8/24,12.63,13.6,12.63,13.5
1/9/24,13.46,13.51,12.78,13.3
1/10/24,13.26,14.56,12.82,12.83
1/11/24,12.97,13.19,12.63,12.76
1/12/24,12.77,13.29,12.42,13.09
1/15/24,13.1,13.89,11.79,13.79
1/16/24,13.79,14.04,12.49,13.55
1/17/24,13.57,15.23,12.72,15.11
1/18/24,15.08,15.71,12.98,14.12
1/19/24,14.07,14.11,13.68,13.86
1/23/24,13.8,15.41,12.2,14.88
1/24/24,14.85,15.65,14.03,14.04
1/25/24,14.38,15.34,13.36,13.87
1/29/24,13.87,15.85,13.8,15.67
1/30/24,15.68,16.58,14.99,16.26
1/31/24,16.1,16.53,15.8,16.03
2/1/24,16.05,16.11,14.36,14.61
2/2/24,14.46,15.13,14.03,14.76
2/5/24,14.7,16.05,14.7,15.65
2/6/24,15.62,15.98,15.09,15.76
2/7/24,15.79,16.02,14.74,15.48
2/8/24,15.51,16.03,15.24,15.77
2/9/24,15.83,16.33,15.27,15.31
2/12/24,15.45,16.54,15.45,16.36
2/13/24,16.06,16.57,15.75,15.82
2/14/24,15.81,16.2,15.34,15.44
2/15/24,15.44,15.66,15.11,15.16
2/16/24,15.23,15.55,14.9,15.24
2/19/24,15.22,16.12,13.7,16.02
2/20/24,16.02,16.36,14.21,16.08
2/21/24,16.07,16.31,15.68,15.92
2/22/24,15.93,16.15,15.13,15.27
2/23/24,15.2,15.44,14.84,14.96
2/26/24,14.97,15.96,13.76,15.6
2/27/24,15.6,16,15.53,15.75
2/28/24,15.73,16.74,15.31,16.62
2/29/24,16.33,16.55,15.37,15.48
3/1/24,15.57,15.64,15,15.19
3/4/24,14.99,15.3,14.82,14.98
3/5/24,14.92,15.17,14.18,14.36
3/6/24,14.38,14.71,13.91,14.32
3/7/24,14.3,14.43,13.56,13.67
3/11/24,13.61,14.55,13.61,13.95
3/12/24,14,14.2,13.58,13.72
3/13/24,13.64,15.01,13.53,14.44
3/14/24,14.43,14.68,13.52,13.57
3/15/24,13.62,14.33,13.59,13.8
3/18/24,13.69,14.62,13.69,13.84
3/19/24,13.9,14.45,13.88,14.08
3/20/24,14.11,14.28,13.09,13.52
3/21/24,13.47,13.47,12.34,12.5
3/22/24,12.51,13.05,11.81,12.15
3/26/24,12.22,13.1,12.09,12.79
3/27/24,12.82,13.01,12.53,12.74
3/28/24,12.7,13.18,12.26,12.69
4/1/24,12.83,13.36,12.01,12.03
4/2/24,12.08,12.31,11.6,11.72
4/3/24,11.65,11.83,11.31,11.41
4/4/24,11.37,11.84,10.86,11.26
4/8/24,11.34,11.74,11.13,11.59
4/9/24,11.61,11.61,10.62,11.36
4/10/24,11.36,11.36,10.99,11.12
4/12/24,11.11,11.61,11.11,11.6
4/15/24,11.53,12.74,11.31,12.45
4/16/24,12.47,12.93,12.34,12.62
4/18/24,12.62,13.39,12.03,12.88
4/19/24,13.04,14.41,11.92,13.37
4/22/24,13.46,13.46,12.61,12.69
4/23/24,12.7,12.7,10.06,10.31
4/24/24,10.2,11.13,10.06,10.35
4/25/24,10.28,11.46,10.26,10.58
4/26/24,10.73,11.32,10.59,10.88
4/29/24,10.93,12.49,10.93,12.2
4/30/24,12.24,13.21,12.24,12.96
5/2/24,12.87,13.95,12.87,13.37
5/3/24,13.45,15.31,13.45,14.84
5/6/24,14.62,16.96,14.62,16.55
5/7/24,16.6,17.64,16.6,17.05
5/8/24,17.01,18.32,16.46,17.03
5/9/24,17.08,19.17,17.08,18.26
5/10/24,18.2,19.01,18,18.6
5/13/24,18.47,21.49,18.47,20.56
5/14/24,20.6,21.88,20.11,20.46
5/15/24,20.2,20.66,19.87,20.41
5/16/24,20.27,21.11,18.97,19.83
5/17/24,20,20.37,18.98,19.78
5/21/24,20.53,22.3,20.53,21.97
5/22/24,21.81,22.29,18.19,21.49
5/23/24,21.47,24.22,18.84,21.31
5/24/24,21.38,21.9,20.59,21.79
5/27/24,21.71,26.2,18.44,23.23
5/28/24,23.19,24.48,22.03,24.15
5/29/24,24.2,24.77,23.55,24.27
5/30/24,24.18,24.52,22.75,24.05
5/31/24,24.18,24.81,22.6,24.76
6/3/24,24.6,24.6,19.12,21.13
6/4/24,20.94,31.71,18.8,25.89
6/5/24,26.75,26.93,18.66,19.05
6/6/24,18.89,18.89,16.56,16.6
6/7/24,16.8,17.15,16.37,16.85
6/10/24,16.88,17.25,16.17,16.43
6/11/24,16.4,16.4,14.68,14.79
6/12/24,14.77,14.77,13.17,14.46
6/13/24,14.39,14.39,13.31,13.35
6/14/24,13.49,13.49,12.66,12.91
6/18/24,12.82,13.42,12.63,13.04
6/19/24,12.97,13.82,11.63,13.74
6/20/24,13.71,14.06,13.1,13.31
6/21/24,13.35,13.59,12.48,13.21
6/24/24,13.18,14.27,13.15,13.97
6/25/24,14.06,14.46,13.84,14.27
6/26/24,14.31,14.55,13.99,13.99
6/27/24,14.05,14.61,13.92,14.34
6/28/24,14.1525,14.29,13.6875,13.8025
7/1/24,13.8025,14.2275,13.7925,13.83
7/2/24,13.83,14.0125,13.3225,13.64
7/3/24,13.64,13.715,12.87,13.205
7/4/24,13.205,13.205,12.2575,12.855
7/5/24,12.855,12.99,12.08,12.695
7/8/24,12.695,13.7575,12.695,13.6
7/9/24,13.6,14.4025,12.79,14.28
7/10/24,14.28,14.915,13.4075,14.4325
7/11/24,14.4325,14.4325,12.68,13.995
7/12/24,13.995,14.0525,13.2225,13.725
7/15/24,13.725,14.34,13.5675,14.1875
7/16/24,14.1875,14.5875,13.8025,14.2225
7/18/24,14.2225,14.71,13.75,14.51
7/19/24,14.51,14.965,12.7375,14.825
7/22/24,14.825,15.625,13.115,15.4375
7/23/24,15.4375,16.065,12.5925,12.7475
7/24/24,12.7475,14.0375,11.6175,11.7625
7/25/24,11.7625,13.2175,11.275,12.6175
7/26/24,12.6175,13.135,11.9775,12.2475
7/29/24,12.2475,13.255,12.0275,12.945
7/30/24,12.945,13.26,11.715,12.88
7/31/24,12.88,13.3875,11.6225,13.25
8/1/24,13.25,13.305,11.9825,12.93
8/2/24,12.93,14.51,11.6925,14.32
8/5/24,14.32,23.1525,13.9075,20.3675
8/6/24,20.3675,20.3675,14.8675,18.7425
8/7/24,18.7425,18.7425,13.7225,16.17
8/8/24,16.17,17.23,14.38,16.6025
8/9/24,16.6025,16.6025,13.4325,15.335
8/12/24,15.335,16.5575,13.395,15.8675
8/13/24,15.8675,16.375,14.2225,16.1675
8/14/24,16.1675,16.22,13.8225,15.435
8/16/24,15.435,15.435,12.95,14.4025
8/19/24,14.4025,14.83,13.1975,14.315
8/20/24,14.315,14.315,11.425,13.82
8/21/24,13.82,14.045,11.8225,13.3325
8/22/24,13.3325,13.7825,10.9575,13
8/23/24,13,13.62,10.84,13.5525
8/26/24,13.5525,13.9925,12.01,13.795
8/27/24,13.795,14.01,12.71,13.6325
8/28/24,13.6325,14.085,12.035,13.95
8/29/24,13.95,14.135,12.4825,13.7875
8/30/24,13.7875,13.905,12.54,13.3925
9/2/24,13.3925,14.25,12.6275,14.06
9/3/24,14.06,14.15,12.69,13.8425
9/4/24,13.8425,14.555,12.805,14.3775
9/5/24,14.3775,14.3775,13.335,14.2075
9/6/24,14.2075,15.6725,12.3525,15.2175
9/9/24,15.2175,15.5625,14.11,14.2375
9/10/24,14.2375,14.2375,12.1675,13.36
9/11/24,13.36,13.765,11.325,13.6275
9/12/24,13.6275,13.6275,11.14,13.1825
9/13/24,13.1825,13.1825,12.4675,12.55
9/16/24,12.55,12.955,12.31,12.46
9/17/24,12.46,12.75,11.8825,12.59
9/18/24,12.59,13.8475,12.26,13.3725
9/19/24,13.3725,13.3725,12.1,12.47
9/20/24,12.47,13.11,10.9025,12.79
9/23/24,12.79,14.03,12.4275,13.785
9/24/24,13.785,14.105,12.7425,13.3925
9/25/24,13.3925,13.61,8.98,12.7425
9/26/24,12.7425,12.7425,11.3525,12.0025
9/27/24,12.0025,12.08,10.5025,11.9625
9/30/24,11.9625,13.2375,11.6,12.7875
10/1/24,12.7875,12.7875,11.7125,11.9875
10/3/24,11.9875,13.9275,11.685,13.17
10/4/24,13.17,14.48,12.285,14.1275
10/7/24,14.1275,15.5,13.6175,15.08
10/8/24,15.08,15.555,13.8775,14.5875
10/9/24,14.5875,14.5875,12.7,14.1225
10/10/24,14.1225,14.1225,11.7275,13.495
10/11/24,13.495,13.7025,11.535,13.22
10/14/24,13.22,13.735,12.915,12.995
10/15/24,12.995,13.3625,10.9225,13.0025
10/16/24,13.0025,13.56,11.435,13.0525
10/17/24,13.0525,13.465,11.0625,13.3875
10/18/24,13.3875,14.06,12.8675,13.0375
10/21/24,13.0375,14.195,12.5525,13.7625
10/22/24,13.7625,14.515,9.47,14.395
10/23/24,14.395,15.0325,11.74,14.6225
10/24/24,14.6225,14.8975,12.695,13.97
10/25/24,13.97,15.08,13.35,14.6325
10/28/24,14.6325,15.4775,13.535,14.29
10/29/24,14.29,15.0275,13.5575,14.515
10/30/24,14.515,15.7,14.28,15.51
10/31/24,15.51,16.24,14.6525,15.55
11/1/24,15.55,16.125,13.6325,15.9025
11/4/24,15.9025,17.6,14.7775,16.6875
11/5/24,16.6875,19.02,15.795,16.1225
11/6/24,16.1225,20.75,14.7125,14.8675
11/7/24,14.8675,15.5225,14.2675,14.94
11/8/24,14.94,15.725,14.3925,14.47
11/11/24,14.47,15.47,13.1175,14.27
11/12/24,14.27,14.8375,12.74,14.59
11/13/24,14.59,15.865,13.9325,15.435
11/14/24,15.435,15.685,13.4075,14.775
11/18/24,14.775,16.58,13.755,15.1675
11/19/24,15.1675,16.185,12.7325,15.6625
11/21/24,15.6625,16.78,14.8375,15.99
11/22/24,15.99,18.67,12.7525,16.0975
11/25/24,16.0975,16.865,13.63,15.3025
11/26/24,15.3025,16.26,13.8725,15.305
11/27/24,15.305,15.305,13.245,14.625
11/28/24,14.625,15.5625,14.27,15.205
11/29/24,15.205,15.4575,14.3325,14.425
12/2/24,14.425,15.08,13.3125,14.7
12/3/24,14.7,14.89,14.235,14.3725
12/4/24,14.3725,14.7975,14.11,14.45
12/5/24,14.45,15.705,14.055,14.5275
12/6/24,14.5275,15.0225,14.045,14.14
12/9/24,14.14,14.635,13.45,14.1075
12/10/24,14.1075,14.6725,13.6975,13.7775
12/11/24,13.7775,14.11,13.175,13.2675
12/12/24,13.2675,13.4,12.9475,13.19
12/13/24,13.19,14.72,12.47,13.0525
12/16/24,13.0525,14.505,13.0525,14.02
12/17/24,14.02,14.975,13.18,14.485
12/18/24,14.485,15.2425,14.27,14.3725
12/19/24,14.3725,15.435,13.87,14.51
12/20/24,14.51,15.5525,14.3975,15.0725
12/23/24,15.0725,16.8825,13.4175,13.52
12/24/24,13.52,15.03,12.975,13.1775
12/26/24,13.1775,14.3875,13.0825,14.035
12/27/24,14.035,14.2375,13.035,13.2375
12/30/24,13.2375,14.37,13.2375,13.9725
12/31/24,13.9725,14.6375,13.9725,14.4475
1/1/25,14.4475,14.835,14.305,14.5075
1/2/25,14.5075,14.8025,13.63,13.7375
1/3/25,13.7375,13.9775,13.225,13.54
1/6/25,13.54,15.92,13.54,15.65
1/7/25,15.65,15.65,14.345,14.66
1/8/25,14.66,14.88,14.095,14.465
1/9/25,14.465,14.885,13.7475,14.6575
1/10/25,14.6575,15.515,14.6575,14.915
1/13/25,14.915,16.185,14.45,15.9975
1/14/25,15.9975,15.9975,15.115,15.47
1/15/25,15.47,15.6625,15.1975,15.2575
1/16/25,15.2575,15.5725,13.9575,15.465
1/17/25,15.465,16.3825,14.0525,15.7475
1/20/25,15.7475,17.02,15.1825,16.415
1/21/25,16.415,17.445,15.2025,17.055
1/22/25,17.055,17.295,15.905,16.7725
1/23/25,16.7725,17.0825,15.6675,16.695
1/24/25,16.695,17.31,16.1175,16.745
1/27/25,16.745,18.5225,16.745,18.1325
1/28/25,18.1325,18.5025,16.8275,18.195
1/29/25,18.195,19.01,17.2875,18.64
1/30/25,18.64,18.985,17.2175,17.39
1/31/25,17.39,17.9425,16.1075,16.2475
2/1/25,16.2475,16.58,14.0125,14.095
2/3/25,14.095,15.1125,14.095,14.3525
2/4/25,14.3525,15.1325,13.665,14.0175
2/5/25,14.0175,14.2975,13.4975,14.0825
2/6/25,14.0825,14.64,13.15,14.175
2/7/25,14.175,14.505,13.55,13.685
2/10/25,13.685,14.7175,13.685,14.445
2/11/25,14.445,15.4325,13.845,14.87
2/12/25,14.87,15.6225,14.6075,14.895
2/13/25,14.895,15.465,12.195,14.955
2/14/25,14.955,15.6775,14.3575,15.015
2/17/25,15.015,16.31,14.4975,15.7225
2/18/25,15.7225,16.3225,14.78,15.665
2/19/25,15.665,16.0225,14.7525,15.42
2/20/25,15.42,15.9025,14.6375,14.6825
2/21/25,14.6825,15.2425,12.0825,14.53
2/24/25,14.53,15.58,14.365,14.44
2/25/25,14.4425,15.0775,13.605,13.72
2/27/25,13.715,14.0075,12.91,13.31
2/28/25,13.3075,14.1225,13.2325,13.91
3/3/25,13.91,14.36,13.5675,13.76
3/4/25,13.7625,14.1975,13.3725,13.83
3/5/25,13.83,14.13,13.095,13.67
3/6/25,13.67,14.1775,13.28,13.73
3/7/25,13.725,13.86,13.3325,13.47
3/10/25,13.47,14.2075,13.47,13.99
3/11/25,13.985,14.5025,13.675,14.07
3/12/25,14.0725,14.3725,13.635,13.69
3/13/25,13.6925,13.9275,13.2225,13.28
3/17/25,13.28,14.1,13.28,13.42
3/18/25,13.42,13.65,11.34,13.21
3/19/25,13.21,13.57,12.59,13.3
3/20/25,13.3,13.3,12.51,12.6
3/21/25,12.6,12.84,10.7,12.58
3/24/25,12.58,13.95,12.58,13.7
3/25/25,13.7,14.475,13.49,13.64
3/26/25,13.635,13.915,13.305,13.47
3/27/25,13.47,13.85,12.9775,13.3
3/28/25,13.3,13.61,12.5725,12.72
4/1/25,12.7175,14.0525,12.7175,13.78
4/2/25,13.7825,14.1425,13.5125,13.72
4/3/25,13.7225,14.1075,13.41,13.6
4/4/25,13.6,14.2475,13.395,13.76
4/7/25,13.755,23.1875,13.755,22.79
4/8/25,22.7925,22.7925,19.3825,20.44
4/9/25,20.4425,21.7475,19.6975,21.43
4/11/25,21.43,21.43,18.855,20.11
4/15/25,20.1075,20.1075,15.9725,16.13
4/16/25,16.125,16.125,15.115,15.87
4/17/25,15.865,16.4625,15.09,15.47
4/21/25,15.4675,16.3325,14.2175,15.52
4/22/25,15.515,16.0075,14.54,15.23
4/23/25,15.23,16.5175,12.8425,15.96
4/24/25,15.96,16.7625,15.5525,16.25
4/25/25,16.25,17.575,15.915,17.16
4/28/25,17.1575,18.0725,16.6225,16.94
4/29/25,16.94,17.585,16.065,17.37
4/30/25,17.37,18.56,15.985,18.22
5/2/25,18.2225,18.8625,17.35,18.26
5/5/25,18.2575,18.795,18.0675,18.34
5/6/25,18.3375,19.3025,17.9875,19
5/7/25,18.995,19.73,18.365,19.06
5/8/25,19.06,21.8925,18.1525,21.01
5/9/25,21.0075,22.7475,21.0025,21.63
5/12/25,21.6325,21.6325,17.2075,18.39
5/13/25,18.3925,18.9025,17.8925,18.2
5/14/25,18.2,19.2425,17.0825,17.23
5/15/25,17.225,17.6725,16.72,16.89
5/16/25,16.8925,17.055,16.215,16.55
5/19/25,16.55,17.4475,15.8275,17.36
5/20/25,17.355,17.66,15.9675,17.39
5/21/25,17.385,17.9975,17.0425,17.55
5/22/25,17.5475,18.2025,16.705,17.26
5/23/25,17.2575,17.5225,15.485,17.28
5/26/25,17.2775,18.4125,16.0575,18.02
5/27/25,18.02,19.185,17.42,18.54
5/28/25,18.535,19.035,17.875,18.02
5/29/25,18.0175,18.0175,16.2075,16.42
5/30/25,16.42,16.545,15.2875,16.08
6/2/25,16.0775,17.7275,16.0775,17.16
6/3/25,17.1575,17.7275,16.2575,16.56
6/4/25,16.555,17.06,15.63,15.75
6/5/25,15.745,15.9325,14.9825,15.08
6/6/25,15.0825,15.61,14.3675,14.63
6/9/25,14.63,15.52,14.63,14.69
6/10/25,14.6925,14.74,13.9325,14.02
6/11/25,14.015,14.155,13.5575,13.67
6/12/25,13.6675,14.2725,13.13,14.02
6/13/25,14.015,15.975,14.015,15.08
6/16/25,15.08,15.4725,14.5525,14.84
6/17/25,14.8375,15.0225,14.3,14.4
6/18/25,14.4025,14.8175,14.105,14.28
6/19/25,14.275,14.37,13.74,14.26
6/20/25,14.255,14.255,13.3225,13.67
6/23/25,13.6725,14.5225,13.6625,14.05
6/24/25,14.0475,14.3425,13.3075,13.64
6/25/25,13.6425,13.6425,12.9,12.96
6/26/25,12.9625,13.33,12.515,12.59
6/27/25,12.59,12.9225,12.3225,12.39
6/30/25,12.3875,13.0275,12.3875,12.79
7/1/25,12.785,12.9925,12.4375,12.53
7/2/25,12.5275,12.6625,12.34,12.45
7/3/25,12.445,12.66,12.19,12.39
7/4/25,12.385,12.6975,12.24,12.32
7/7/25,12.315,12.79,11.94,12.56
7/8/25,12.56,12.71,12.055,12.2
7/9/25,12.195,12.355,11.75,11.94
7/10/25,11.94,12.1875,11.6125,11.67
7/11/25,11.6725,12.1225,11.535,11.82
7/14/25,11.8175,12.42,11.8175,11.98
7/15/25,11.98,12.025,11.405,11.48
7/16/25,11.48,11.6675,11.1975,11.24
7/17/25,11.24,11.5425,10.7275,11.24
7/18/25,11.2425,11.86,9.9,11.39
7/21/25,11.3925,11.9425,11.0875,11.2
7/22/25,11.2025,11.2275,10.6875,10.75
7/23/25,10.7525,10.7525,10.22,10.52
7/24/25,10.515,11.105,9.8675,10.72
7/25/25,10.7225,11.5825,10.6125,11.28
7/28/25,11.275,12.23,10.325,12.06
7/29/25,12.0625,12.3,11.4,11.53
7/30/25,11.525,11.775,10.6125,11.21
7/31/25,11.205,12.12,11.205,11.54
8/1/25,11.5425,12.11,11.4025,11.98
8/4/25,11.975,12.63,11.8025,11.97
8/5/25,11.9675,12.1775,11.64,11.71
8/6/25,11.7125,12.0475,10.6575,11.96
8/7/25,11.96,12.3075,11.555,11.69
8/8/25,11.6875,12.1975,10.8975,12.03
8/11/25,12.0325,12.73,12.0325,12.22
8/12/25,12.2175,12.4225,11.595,12.23
8/13/25,12.2325,12.3525,10.7775,12.14
8/14/25,12.14,12.47,11.4725,12.36
8/18/25,12.355,13.465,11.75,12.34
8/19/25,12.34,12.34,11.76,11.79
8/20/25,11.79,11.99,10.185,11.79
8/21/25,11.785,11.8925,10.0875,11.37